comparison	left_field	right_field	metric	preferred_direction	left_value	right_value	difference	preferred_signed_difference	equal_mass_normalization_applied
strict_vs_space_ranger	strict	space_ranger	raw_molecule_mass	report_only	64230995.0	72861605.0	-8630610.0		False
strict_vs_space_ranger	strict	space_ranger	in_cell_mass_fraction	higher	0.9497868902700324	0.9493768219901277	0.0004100682799046407	0.0004100682799046407	False
strict_vs_space_ranger	strict	space_ranger	in_cell_area_normalized_enrichment	higher	1.288509326452179	1.2879530155485939	0.0005563109035850999	0.0005563109035850999	False
strict_vs_space_ranger	strict	space_ranger	in_nucleus_mass_fraction	higher	0.337999637091096	0.3387595428346658	-0.000759905743569822	-0.000759905743569822	False
strict_vs_space_ranger	strict	space_ranger	in_nucleus_area_normalized_enrichment	higher	1.6288193112236258	1.6324812948887226	-0.0036619836650968463	-0.0036619836650968463	False
strict_vs_space_ranger	strict	space_ranger	extracellular_mass_fraction	lower	0.0502131097299676	0.050623178009872274	-0.00041006827990467537	0.00041006827990467537	False
strict_vs_space_ranger	strict	space_ranger	in_cell_roc_auc	higher_secondary	0.8485498804932896	0.8522465125313532	-0.0036966320380635853	-0.0036966320380635853	False
strict_vs_space_ranger	strict	space_ranger	in_cell_average_precision	higher_secondary	0.921001833422678	0.9230426058107333	-0.002040772388055223	-0.002040772388055223	False
strict_vs_space_ranger	strict	space_ranger	in_nucleus_roc_auc	higher_secondary	0.6962939920319857	0.6980154918767634	-0.001721499844777652	-0.001721499844777652	False
strict_vs_space_ranger	strict	space_ranger	in_nucleus_average_precision	higher_secondary	0.3339319722151692	0.335687870528342	-0.001755898313172799	-0.001755898313172799	False
strict_vs_space_ranger	strict	space_ranger	cell_fraction_pearson_16um	higher_secondary	0.44046864744323	0.4406006037977759	-0.00013195635454588128	-0.00013195635454588128	False
strict_vs_space_ranger	strict	space_ranger	nucleus_fraction_pearson_16um	higher_secondary	0.626542538308011	0.6262695528507518	0.00027298545725917833	0.00027298545725917833	False
strict_vs_space_ranger	strict	space_ranger	in_cell_normalized_tv	lower_secondary	0.42716621648443154	0.42738421490229883	-0.00021799841786729335	0.00021799841786729335	False
strict_vs_space_ranger	strict	space_ranger	in_nucleus_normalized_tv	lower_secondary	0.6791555700243508	0.679748510469769	-0.0005929404454182441	0.0005929404454182441	False
postcollapse_soft_vs_space_ranger	postcollapse_soft	space_ranger	raw_molecule_mass	report_only	76172283.0659078	72861605.0	3310678.065907806		False
postcollapse_soft_vs_space_ranger	postcollapse_soft	space_ranger	in_cell_mass_fraction	higher	0.9490094856589177	0.9493768219901277	-0.00036733633120999976	-0.00036733633120999976	False
postcollapse_soft_vs_space_ranger	postcollapse_soft	space_ranger	in_cell_area_normalized_enrichment	higher	1.2874546760857548	1.2879530155485939	-0.0004983394628390592	-0.0004983394628390592	False
postcollapse_soft_vs_space_ranger	postcollapse_soft	space_ranger	in_nucleus_mass_fraction	higher	0.3383733755467293	0.3387595428346658	-0.0003861672879365008	-0.0003861672879365008	False
postcollapse_soft_vs_space_ranger	postcollapse_soft	space_ranger	in_nucleus_area_normalized_enrichment	higher	1.630620355802021	1.6324812948887226	-0.0018609390867017073	-0.0018609390867017073	False
postcollapse_soft_vs_space_ranger	postcollapse_soft	space_ranger	extracellular_mass_fraction	lower	0.05099051434108135	0.050623178009872274	0.0003673363312090769	-0.0003673363312090769	False
postcollapse_soft_vs_space_ranger	postcollapse_soft	space_ranger	in_cell_roc_auc	higher_secondary	0.8615966041193218	0.8522465125313532	0.009350091587968623	0.009350091587968623	False
postcollapse_soft_vs_space_ranger	postcollapse_soft	space_ranger	in_cell_average_precision	higher_secondary	0.9311952263282857	0.9230426058107333	0.00815262051755239	0.00815262051755239	False
postcollapse_soft_vs_space_ranger	postcollapse_soft	space_ranger	in_nucleus_roc_auc	higher_secondary	0.7022408382744507	0.6980154918767634	0.004225346397687346	0.004225346397687346	False
postcollapse_soft_vs_space_ranger	postcollapse_soft	space_ranger	in_nucleus_average_precision	higher_secondary	0.34178654070823555	0.335687870528342	0.006098670179893573	0.006098670179893573	False
postcollapse_soft_vs_space_ranger	postcollapse_soft	space_ranger	cell_fraction_pearson_16um	higher_secondary	0.44119947751768007	0.4406006037977759	0.0005988737199041916	0.0005988737199041916	False
postcollapse_soft_vs_space_ranger	postcollapse_soft	space_ranger	nucleus_fraction_pearson_16um	higher_secondary	0.6270880442593745	0.6262695528507518	0.000818491408622668	0.000818491408622668	False
postcollapse_soft_vs_space_ranger	postcollapse_soft	space_ranger	in_cell_normalized_tv	lower_secondary	0.4201944522976932	0.42738421490229883	-0.007189762604605632	0.007189762604605632	False
postcollapse_soft_vs_space_ranger	postcollapse_soft	space_ranger	in_nucleus_normalized_tv	lower_secondary	0.6774845825613218	0.679748510469769	-0.0022639279084472053	0.0022639279084472053	False
postcollapse_hard_vs_space_ranger	postcollapse_hard	space_ranger	raw_molecule_mass	report_only	76226984.0	72861605.0	3365379.0		False
postcollapse_hard_vs_space_ranger	postcollapse_hard	space_ranger	in_cell_mass_fraction	higher	0.9490997964710239	0.9493768219901277	-0.0002770255191038018	-0.0002770255191038018	False
postcollapse_hard_vs_space_ranger	postcollapse_hard	space_ranger	in_cell_area_normalized_enrichment	higher	1.2875771944368402	1.2879530155485939	-0.0003758211117537158	-0.0003758211117537158	False
postcollapse_hard_vs_space_ranger	postcollapse_hard	space_ranger	in_nucleus_mass_fraction	higher	0.33836389224057456	0.3387595428346658	-0.0003956505940912458	-0.0003956505940912458	False
postcollapse_hard_vs_space_ranger	postcollapse_hard	space_ranger	in_nucleus_area_normalized_enrichment	higher	1.6305746557760326	1.6324812948887226	-0.0019066391126900673	-0.0019066391126900673	False
postcollapse_hard_vs_space_ranger	postcollapse_hard	space_ranger	extracellular_mass_fraction	lower	0.05090020352897604	0.050623178009872274	0.0002770255191037671	-0.0002770255191037671	False
postcollapse_hard_vs_space_ranger	postcollapse_hard	space_ranger	in_cell_roc_auc	higher_secondary	0.8548560763297087	0.8522465125313532	0.0026095637983555298	0.0026095637983555298	False
postcollapse_hard_vs_space_ranger	postcollapse_hard	space_ranger	in_cell_average_precision	higher_secondary	0.924644716407833	0.9230426058107333	0.001602110597099693	0.001602110597099693	False
postcollapse_hard_vs_space_ranger	postcollapse_hard	space_ranger	in_nucleus_roc_auc	higher_secondary	0.6995519897430735	0.6980154918767634	0.0015364978663101603	0.0015364978663101603	False
postcollapse_hard_vs_space_ranger	postcollapse_hard	space_ranger	in_nucleus_average_precision	higher_secondary	0.33690821918214636	0.335687870528342	0.0012203486538043817	0.0012203486538043817	False
postcollapse_hard_vs_space_ranger	postcollapse_hard	space_ranger	cell_fraction_pearson_16um	higher_secondary	0.44107199574896844	0.4406006037977759	0.00047139195119255684	0.00047139195119255684	False
postcollapse_hard_vs_space_ranger	postcollapse_hard	space_ranger	nucleus_fraction_pearson_16um	higher_secondary	0.6268827262572073	0.6262695528507518	0.0006131734064555028	0.0006131734064555028	False
postcollapse_hard_vs_space_ranger	postcollapse_hard	space_ranger	in_cell_normalized_tv	lower_secondary	0.4229374942764313	0.42738421490229883	-0.00444672062586754	0.00444672062586754	False
postcollapse_hard_vs_space_ranger	postcollapse_hard	space_ranger	in_nucleus_normalized_tv	lower_secondary	0.6784747332235309	0.679748510469769	-0.001273777246238117	0.001273777246238117	False
gated_hard_vs_space_ranger	gated_hard	space_ranger	raw_molecule_mass	report_only	69330045.0	72861605.0	-3531560.0		False
gated_hard_vs_space_ranger	gated_hard	space_ranger	in_cell_mass_fraction	higher	0.949520067382042	0.9493768219901277	0.00014324539191423735	0.00014324539191423735	False
gated_hard_vs_space_ranger	gated_hard	space_ranger	in_cell_area_normalized_enrichment	higher	1.2881473465352011	1.2879530155485939	0.00019433098660726067	0.00019433098660726067	False
gated_hard_vs_space_ranger	gated_hard	space_ranger	in_nucleus_mass_fraction	higher	0.33793250819323717	0.3387595428346658	-0.0008270346414286367	-0.0008270346414286367	False
gated_hard_vs_space_ranger	gated_hard	space_ranger	in_nucleus_area_normalized_enrichment	higher	1.6284958172515178	1.6324812948887226	-0.003985477637204804	-0.003985477637204804	False
gated_hard_vs_space_ranger	gated_hard	space_ranger	extracellular_mass_fraction	lower	0.05047993261795806	0.050623178009872274	-0.00014324539191421654	0.00014324539191421654	False
gated_hard_vs_space_ranger	gated_hard	space_ranger	in_cell_roc_auc	higher_secondary	0.8517002498741815	0.8522465125313532	-0.0005462626571717255	-0.0005462626571717255	False
gated_hard_vs_space_ranger	gated_hard	space_ranger	in_cell_average_precision	higher_secondary	0.922821496940458	0.9230426058107333	-0.00022110887027526616	-0.00022110887027526616	False
gated_hard_vs_space_ranger	gated_hard	space_ranger	in_nucleus_roc_auc	higher_secondary	0.697756945643557	0.6980154918767634	-0.0002585462332064248	-0.0002585462332064248	False
gated_hard_vs_space_ranger	gated_hard	space_ranger	in_nucleus_average_precision	higher_secondary	0.3351514033635922	0.335687870528342	-0.0005364671647497543	-0.0005364671647497543	False
gated_hard_vs_space_ranger	gated_hard	space_ranger	cell_fraction_pearson_16um	higher_secondary	0.44073304584962497	0.4406006037977759	0.00013244205184909097	0.00013244205184909097	False
gated_hard_vs_space_ranger	gated_hard	space_ranger	nucleus_fraction_pearson_16um	higher_secondary	0.6268128086519218	0.6262695528507518	0.000543255801169984	0.000543255801169984	False
gated_hard_vs_space_ranger	gated_hard	space_ranger	in_cell_normalized_tv	lower_secondary	0.4249083655388695	0.42738421490229883	-0.0024758493634293166	0.0024758493634293166	False
gated_hard_vs_space_ranger	gated_hard	space_ranger	in_nucleus_normalized_tv	lower_secondary	0.6788514782922819	0.679748510469769	-0.0008970321774871559	0.0008970321774871559	False
postcollapse_soft_vs_strict	postcollapse_soft	strict	raw_molecule_mass	report_only	76172283.0659078	64230995.0	11941288.065907806		False
postcollapse_soft_vs_strict	postcollapse_soft	strict	in_cell_mass_fraction	higher	0.9490094856589177	0.9497868902700324	-0.0007774046111146404	-0.0007774046111146404	False
postcollapse_soft_vs_strict	postcollapse_soft	strict	in_cell_area_normalized_enrichment	higher	1.2874546760857548	1.288509326452179	-0.001054650366424159	-0.001054650366424159	False
postcollapse_soft_vs_strict	postcollapse_soft	strict	in_nucleus_mass_fraction	higher	0.3383733755467293	0.337999637091096	0.0003737384556333212	0.0003737384556333212	False
postcollapse_soft_vs_strict	postcollapse_soft	strict	in_nucleus_area_normalized_enrichment	higher	1.630620355802021	1.6288193112236258	0.001801044578395139	0.001801044578395139	False
postcollapse_soft_vs_strict	postcollapse_soft	strict	extracellular_mass_fraction	lower	0.05099051434108135	0.0502131097299676	0.0007774046111137523	-0.0007774046111137523	False
postcollapse_soft_vs_strict	postcollapse_soft	strict	in_cell_roc_auc	higher_secondary	0.8615966041193218	0.8485498804932896	0.013046723626032208	0.013046723626032208	False
postcollapse_soft_vs_strict	postcollapse_soft	strict	in_cell_average_precision	higher_secondary	0.9311952263282857	0.921001833422678	0.010193392905607612	0.010193392905607612	False
postcollapse_soft_vs_strict	postcollapse_soft	strict	in_nucleus_roc_auc	higher_secondary	0.7022408382744507	0.6962939920319857	0.005946846242464998	0.005946846242464998	False
postcollapse_soft_vs_strict	postcollapse_soft	strict	in_nucleus_average_precision	higher_secondary	0.34178654070823555	0.3339319722151692	0.007854568493066372	0.007854568493066372	False
postcollapse_soft_vs_strict	postcollapse_soft	strict	cell_fraction_pearson_16um	higher_secondary	0.44119947751768007	0.44046864744323	0.0007308300744500729	0.0007308300744500729	False
postcollapse_soft_vs_strict	postcollapse_soft	strict	nucleus_fraction_pearson_16um	higher_secondary	0.6270880442593745	0.626542538308011	0.0005455059513634897	0.0005455059513634897	False
postcollapse_soft_vs_strict	postcollapse_soft	strict	in_cell_normalized_tv	lower_secondary	0.4201944522976932	0.42716621648443154	-0.006971764186738338	0.006971764186738338	False
postcollapse_soft_vs_strict	postcollapse_soft	strict	in_nucleus_normalized_tv	lower_secondary	0.6774845825613218	0.6791555700243508	-0.0016709874630289612	0.0016709874630289612	False
postcollapse_hard_vs_strict	postcollapse_hard	strict	raw_molecule_mass	report_only	76226984.0	64230995.0	11995989.0		False
postcollapse_hard_vs_strict	postcollapse_hard	strict	in_cell_mass_fraction	higher	0.9490997964710239	0.9497868902700324	-0.0006870937990084425	-0.0006870937990084425	False
postcollapse_hard_vs_strict	postcollapse_hard	strict	in_cell_area_normalized_enrichment	higher	1.2875771944368402	1.288509326452179	-0.0009321320153388157	-0.0009321320153388157	False
postcollapse_hard_vs_strict	postcollapse_hard	strict	in_nucleus_mass_fraction	higher	0.33836389224057456	0.337999637091096	0.0003642551494785762	0.0003642551494785762	False
postcollapse_hard_vs_strict	postcollapse_hard	strict	in_nucleus_area_normalized_enrichment	higher	1.6305746557760326	1.6288193112236258	0.001755344552406779	0.001755344552406779	False
postcollapse_hard_vs_strict	postcollapse_hard	strict	extracellular_mass_fraction	lower	0.05090020352897604	0.0502131097299676	0.0006870937990084425	-0.0006870937990084425	False
postcollapse_hard_vs_strict	postcollapse_hard	strict	in_cell_roc_auc	higher_secondary	0.8548560763297087	0.8485498804932896	0.006306195836419115	0.006306195836419115	False
postcollapse_hard_vs_strict	postcollapse_hard	strict	in_cell_average_precision	higher_secondary	0.924644716407833	0.921001833422678	0.003642882985154916	0.003642882985154916	False
postcollapse_hard_vs_strict	postcollapse_hard	strict	in_nucleus_roc_auc	higher_secondary	0.6995519897430735	0.6962939920319857	0.0032579977110878122	0.0032579977110878122	False
postcollapse_hard_vs_strict	postcollapse_hard	strict	in_nucleus_average_precision	higher_secondary	0.33690821918214636	0.3339319722151692	0.0029762469669771807	0.0029762469669771807	False
postcollapse_hard_vs_strict	postcollapse_hard	strict	cell_fraction_pearson_16um	higher_secondary	0.44107199574896844	0.44046864744323	0.0006033483057384381	0.0006033483057384381	False
postcollapse_hard_vs_strict	postcollapse_hard	strict	nucleus_fraction_pearson_16um	higher_secondary	0.6268827262572073	0.626542538308011	0.00034018794919632445	0.00034018794919632445	False
postcollapse_hard_vs_strict	postcollapse_hard	strict	in_cell_normalized_tv	lower_secondary	0.4229374942764313	0.42716621648443154	-0.004228722208000246	0.004228722208000246	False
postcollapse_hard_vs_strict	postcollapse_hard	strict	in_nucleus_normalized_tv	lower_secondary	0.6784747332235309	0.6791555700243508	-0.0006808368008198729	0.0006808368008198729	False
gated_hard_vs_strict	gated_hard	strict	raw_molecule_mass	report_only	69330045.0	64230995.0	5099050.0		False
gated_hard_vs_strict	gated_hard	strict	in_cell_mass_fraction	higher	0.949520067382042	0.9497868902700324	-0.0002668228879904033	-0.0002668228879904033	False
gated_hard_vs_strict	gated_hard	strict	in_cell_area_normalized_enrichment	higher	1.2881473465352011	1.288509326452179	-0.00036197991697783927	-0.00036197991697783927	False
gated_hard_vs_strict	gated_hard	strict	in_nucleus_mass_fraction	higher	0.33793250819323717	0.337999637091096	-6.71288978588147e-05	-6.71288978588147e-05	False
gated_hard_vs_strict	gated_hard	strict	in_nucleus_area_normalized_enrichment	higher	1.6284958172515178	1.6288193112236258	-0.0003234939721079577	-0.0003234939721079577	False
gated_hard_vs_strict	gated_hard	strict	extracellular_mass_fraction	lower	0.05047993261795806	0.0502131097299676	0.00026682288799045883	-0.00026682288799045883	False
gated_hard_vs_strict	gated_hard	strict	in_cell_roc_auc	higher_secondary	0.8517002498741815	0.8485498804932896	0.00315036938089186	0.00315036938089186	False
gated_hard_vs_strict	gated_hard	strict	in_cell_average_precision	higher_secondary	0.922821496940458	0.921001833422678	0.001819663517779957	0.001819663517779957	False
gated_hard_vs_strict	gated_hard	strict	in_nucleus_roc_auc	higher_secondary	0.697756945643557	0.6962939920319857	0.0014629536115712272	0.0014629536115712272	False
gated_hard_vs_strict	gated_hard	strict	in_nucleus_average_precision	higher_secondary	0.3351514033635922	0.3339319722151692	0.0012194311484230447	0.0012194311484230447	False
gated_hard_vs_strict	gated_hard	strict	cell_fraction_pearson_16um	higher_secondary	0.44073304584962497	0.44046864744323	0.00026439840639497225	0.00026439840639497225	False
gated_hard_vs_strict	gated_hard	strict	nucleus_fraction_pearson_16um	higher_secondary	0.6268128086519218	0.626542538308011	0.0002702703439108056	0.0002702703439108056	False
gated_hard_vs_strict	gated_hard	strict	in_cell_normalized_tv	lower_secondary	0.4249083655388695	0.42716621648443154	-0.0022578509455620233	0.0022578509455620233	False
gated_hard_vs_strict	gated_hard	strict	in_nucleus_normalized_tv	lower_secondary	0.6788514782922819	0.6791555700243508	-0.0003040917320689118	0.0003040917320689118	False
