role	filename	bytes	md5	url
fastqs	Visium_HD_3prime_Human_Ovarian_Cancer_FF_Min_Depth_fastqs.tar	33515468800	12fa0cff0565bf6b62ba835d6b18ef6b	https://s3-us-west-2.amazonaws.com/10x.files/samples/spatial-exp/4.0.1/Visium_HD_3prime_Human_Ovarian_Cancer_FF_Min_Depth/Visium_HD_3prime_Human_Ovarian_Cancer_FF_Min_Depth_fastqs.tar
barcode_mappings	Visium_HD_3prime_Human_Ovarian_Cancer_FF_Min_Depth_barcode_mappings.parquet	115436302	ddc54bf22943b897f06bd5352a4834bc	https://cf.10xgenomics.com/samples/spatial-exp/4.0.1/Visium_HD_3prime_Human_Ovarian_Cancer_FF_Min_Depth/Visium_HD_3prime_Human_Ovarian_Cancer_FF_Min_Depth_barcode_mappings.parquet
binned_outputs	Visium_HD_3prime_Human_Ovarian_Cancer_FF_Min_Depth_binned_outputs.tar.gz	7278015913	b9692511fb4f5254a3958df03729d5bc	https://cf.10xgenomics.com/samples/spatial-exp/4.0.1/Visium_HD_3prime_Human_Ovarian_Cancer_FF_Min_Depth/Visium_HD_3prime_Human_Ovarian_Cancer_FF_Min_Depth_binned_outputs.tar.gz
molecule_info	Visium_HD_3prime_Human_Ovarian_Cancer_FF_Min_Depth_molecule_info.h5	862189174	77c95a69a602a9bd49113fd73b74ddd1	https://cf.10xgenomics.com/samples/spatial-exp/4.0.1/Visium_HD_3prime_Human_Ovarian_Cancer_FF_Min_Depth/Visium_HD_3prime_Human_Ovarian_Cancer_FF_Min_Depth_molecule_info.h5
segmented_outputs	Visium_HD_3prime_Human_Ovarian_Cancer_FF_Min_Depth_segmented_outputs.tar.gz	3279759808	c0b2594c593c6e9189c8c9b92a6f957f	https://cf.10xgenomics.com/samples/spatial-exp/4.0.1/Visium_HD_3prime_Human_Ovarian_Cancer_FF_Min_Depth/Visium_HD_3prime_Human_Ovarian_Cancer_FF_Min_Depth_segmented_outputs.tar.gz
spatial_outputs	Visium_HD_3prime_Human_Ovarian_Cancer_FF_Min_Depth_spatial.tar.gz	82782858	30186b9dc57f932203c362817b407660	https://cf.10xgenomics.com/samples/spatial-exp/4.0.1/Visium_HD_3prime_Human_Ovarian_Cancer_FF_Min_Depth/Visium_HD_3prime_Human_Ovarian_Cancer_FF_Min_Depth_spatial.tar.gz
cytassist_image	Visium_HD_3prime_Human_Ovarian_Cancer_FF_Min_Depth_image.tif	28800656	a9d4d73ee7fd20ef7571b5c65c684b9f	https://cf.10xgenomics.com/samples/spatial-exp/4.0.1/Visium_HD_3prime_Human_Ovarian_Cancer_FF_Min_Depth/Visium_HD_3prime_Human_Ovarian_Cancer_FF_Min_Depth_image.tif
tissue_image	Visium_HD_3prime_Human_Ovarian_Cancer_FF_Min_Depth_tissue_image.btf	2125800824	eb0838ec91d559e0b2110435c35e9c43	https://cf.10xgenomics.com/samples/spatial-exp/4.0.1/Visium_HD_3prime_Human_Ovarian_Cancer_FF_Min_Depth/Visium_HD_3prime_Human_Ovarian_Cancer_FF_Min_Depth_tissue_image.btf
metrics	Visium_HD_3prime_Human_Ovarian_Cancer_FF_Min_Depth_metrics_summary.csv	2092	4c423cf134793dff60af52b35f83e682	https://cf.10xgenomics.com/samples/spatial-exp/4.0.1/Visium_HD_3prime_Human_Ovarian_Cancer_FF_Min_Depth/Visium_HD_3prime_Human_Ovarian_Cancer_FF_Min_Depth_metrics_summary.csv
web_summary	Visium_HD_3prime_Human_Ovarian_Cancer_FF_Min_Depth_web_summary.html	19295542	cbaae4a6fb8e61554f31c8699cd06866	https://cf.10xgenomics.com/samples/spatial-exp/4.0.1/Visium_HD_3prime_Human_Ovarian_Cancer_FF_Min_Depth/Visium_HD_3prime_Human_Ovarian_Cancer_FF_Min_Depth_web_summary.html
