dataset	method	component	component_unit	raw_component_mass_in_he_domain	cell_mass_fraction	nucleus_mass_fraction	cell_area_normalized_enrichment	nucleus_area_normalized_enrichment	cell_roc_auc	nucleus_roc_auc	cell_fraction_pearson_16um	nucleus_fraction_pearson_16um
CRC	hard	shared	8um spatial bin	72716867.0	0.5134596652452037	0.2657514693255418	1.5317976530360011	1.6856008010378423	0.7356056689290223	0.7151022477075968	0.48900792677594296	0.5189867924590479
CRC	hard	star_excess	8um spatial bin	3510117.0	0.5019847450953914	0.2583091069329028	1.4975646704980954	1.6383955982124954	0.6777417502684338	0.663209715194124	0.4613983657786357	0.48739355639622733
CRC	soft_expected	shared	8um spatial bin	72673821.27993315	0.5134819920995257	0.2657650351459299	1.5318642604549768	1.6856868459344931	0.7356623607566704	0.7151437613137899	0.48900248099746024	0.5189871716704519
CRC	soft_expected	star_excess	8um spatial bin	3498461.78597466	0.5004540379864448	0.25748968270055694	1.492998131555158	1.63319817768294	0.6670598442969052	0.6529612724133106	0.4560831224005487	0.4815266632685886
SPATCH	hard	shared	8um spatial bin	262617379.0	0.41793135509483204	0.20579092908496827	1.2660456041207608	1.2926919693910328	0.6597369000250853	0.6439068072266895	0.4266835349943599	0.4125351324194728
SPATCH	hard	star_excess	8um spatial bin	6388936.0	0.40854770638467214	0.20126971735962262	1.2376195789965734	1.2642916209633441	0.5870152553858307	0.5786375318673804	0.2971695055445556	0.28721529469762513
SPATCH	soft_expected	shared	8um spatial bin	262092946.77942502	0.41790702369338284	0.20577536529057527	1.2659718966482985	1.2925942041877048	0.6597613295106391	0.6439239239369111	0.4267817737458802	0.4126445187499758
SPATCH	soft_expected	star_excess	8um spatial bin	6829430.72288552	0.4087036263990164	0.20162653725002547	1.2380919097904912	1.2665330132778339	0.5620662730220561	0.5560895229611119	0.3008416720222638	0.29139788819593115
OVARIAN_GEX	hard	shared	8um spatial bin	187183464.0	0.8528861939829258	0.3323174566718137	1.464801682995158	1.5146711109823214	0.8822657407252266	0.7354611135128507	0.5985209145523391	0.487890768982875
OVARIAN_GEX	hard	star_excess	8um spatial bin	14350690.0	0.844259944992192	0.3281310036311843	1.4499864073713917	1.4955896593437825	0.8573995794559569	0.7230332649235333	0.60209839018113	0.487920312895722
OVARIAN_GEX	soft_expected	shared	8um spatial bin	187152365.66604608	0.8528925743651176	0.3323165592190026	1.4648126410744875	1.5146670204784398	0.8822797539722177	0.7354644693923591	0.5985237909177152	0.487896331324815
OVARIAN_GEX	soft_expected	star_excess	8um spatial bin	13832275.406334408	0.8424848100644038	0.3278282206166879	1.4469376763119466	1.4942096033890129	0.847107837676617	0.7168125632361654	0.5973259928564877	0.48419118151077634
