dataset	method	component	scope	component_unit	raw_cancer_rich_mass	raw_cancer_poor_mass	cancer_rich_to_poor_mass_per_patch	effect_pearson_vs_xenium	effect_spearman_vs_xenium	effect_direction_agreement_vs_xenium	mean_reference_oriented_gene_auc	mean_xenium_positive_gene_auc	positive_panel_score_auc
OVARIAN_GEX	hard	shared	full_reference_panel	shared gene by registered 128um patch	188239.0	13511.0	2.1434272928610874	0.8688558465807239	0.8507177033492823	0.8214285714285714	0.5363224098085689	0.5779436902966314	0.714444148700204
OVARIAN_GEX	hard	star_excess	full_reference_panel	shared gene by registered 128um patch	13906.0	1121.0	1.9084608522610307	0.577193049132068	0.5957723133527644	0.625	0.5155758193171688	0.5471404489397569	0.735508532221335
OVARIAN_GEX	soft_expected	shared	full_reference_panel	shared gene by registered 128um patch	188007.2422670145	13495.130296011403	2.143305806135937	0.8700842545736474	0.8478468899521532	0.8214285714285714	0.5365649464914171	0.5781731878271671	0.7140744683997279
OVARIAN_GEX	soft_expected	star_excess	full_reference_panel	shared gene by registered 128um patch	13693.581065607177	1134.1806351152568	1.8574684790929228	0.6007813277069757	0.6287188777212857	0.6428571428571429	0.5162499577508228	0.5469635938840091	0.7188359506698607
OVARIAN_GEX	hard	shared	exclude_mecom	shared gene by registered 128um patch	181206.0	13012.0	2.1424720376457236	0.8676544915310944	0.8463203463203465	0.8181818181818182	0.536680889276045	0.5804994257632666	0.7113092597521664
OVARIAN_GEX	hard	star_excess	exclude_mecom	shared gene by registered 128um patch	13320.0	1068.0	1.9187554019014692	0.5716965232659308	0.5878893920399382	0.6181818181818182	0.5147038659149386	0.5464574152939204	0.7356933723715731
OVARIAN_GEX	soft_expected	shared	exclude_mecom	shared gene by registered 128um patch	180987.1531178532	12998.538388207751	2.142100640177116	0.8689337211862621	0.8439393939393941	0.8181818181818182	0.5369407409199796	0.5807680601149459	0.7105846863632331
OVARIAN_GEX	soft_expected	star_excess	exclude_mecom	shared gene by registered 128um patch	13119.281761377868	1080.1694995489247	1.8685502979438289	0.5959535516500418	0.6203575101570187	0.6363636363636364	0.5155876034768769	0.5467254335117656	0.7206030225061366
OVARIAN_GEX	hard	shared	label_leakage_controlled	shared gene by registered 128um patch	140171.0	10744.0	2.0071453118735323	0.8577273143842469	0.8379264341528491	0.8148148148148148	0.5346261738034134	0.5775804649356627	0.7043296956791767
OVARIAN_GEX	hard	star_excess	label_leakage_controlled	shared gene by registered 128um patch	10419.0	893.0	1.7949866482901196	0.4996111059258394	0.5645619319098888	0.6111111111111112	0.512908551499478	0.5436229183784472	0.7244698784491173
OVARIAN_GEX	soft_expected	shared	label_leakage_controlled	shared gene by registered 128um patch	139965.77009044652	10732.167119657079	2.0064163331085245	0.8591536826499233	0.8354107108824089	0.8148148148148148	0.534880431698963	0.5778363479958184	0.7039452281666815
OVARIAN_GEX	soft_expected	star_excess	label_leakage_controlled	shared gene by registered 128um patch	10309.208572742746	907.3525826535794	1.7479777083742585	0.5287721484874068	0.5988679030609859	0.6296296296296297	0.5137507379914147	0.5437666115039367	0.7091059651613284
