scope	method	gene_id	gene_name	xenium_effect	xenium_positive	method_effect	raw_cancer_rich_mass	raw_cancer_poor_mass	cancer_patch_auc	reference_oriented_auc
full_reference_panel	xenium	ENSG00000106624	AEBP1	-1.2186754406261064	0	-1.2186754406261064	9932.0	4314.0	0.17414160234229437	0.8258583976577056
full_reference_panel	xenium	ENSG00000178999	AURKB	0.4900154039063297	1	0.4900154039063297	28972.0	472.0	0.7968976429184041	0.7968976429184041
full_reference_panel	xenium	ENSG00000168646	AXIN2	-0.3677540769785353	0	-0.3677540769785353	6795.0	660.0	0.25924200751190374	0.7407579924880963
full_reference_panel	xenium	ENSG00000125378	BMP4	-0.0804366126166006	0	-0.0804366126166006	1503.0	105.0	0.515792742436341	0.484207257563659
full_reference_panel	xenium	ENSG00000101144	BMP7	0.9155901577807033	1	0.9155901577807033	71825.0	776.0	0.8885192085884127	0.8885192085884127
full_reference_panel	xenium	ENSG00000150636	CCDC102B	-0.22139252491146047	0	-0.22139252491146047	234.0	135.0	0.32054239493685854	0.6794576050631415
full_reference_panel	xenium	ENSG00000091986	CCDC80	-0.25386275961685006	0	-0.25386275961685006	5143.0	504.0	0.3825377813267087	0.6174622186732913
full_reference_panel	xenium	ENSG00000105383	CD33	-0.06511818483336172	0	-0.06511818483336172	298.0	50.0	0.49905361843078105	0.500946381569219
full_reference_panel	xenium	ENSG00000004468	CD38	-0.13197857295373824	0	-0.13197857295373824	909.0	191.0	0.5152456155916363	0.4847543844083637
full_reference_panel	xenium	ENSG00000153283	CD96	-0.10597192476309936	0	-0.10597192476309936	762.0	65.0	0.6233697098749001	0.37663029012509985
full_reference_panel	xenium	ENSG00000054938	CHRDL2	-0.008357823415277181	0	-0.008357823415277181	66.0	7.0	0.5078224351580752	0.49217756484192476
full_reference_panel	xenium	ENSG00000163507	CIP2A	0.3712897378497174	1	0.3712897378497174	20403.0	444.0	0.7547762694821518	0.7547762694821518
full_reference_panel	xenium	ENSG00000163347	CLDN1	0.2141648325447616	1	0.2141648325447616	46073.0	2041.0	0.5574778931180315	0.5574778931180315
full_reference_panel	xenium	ENSG00000060718	COL11A1	-0.24833468875789252	0	-0.24833468875789252	474.0	204.0	0.3186200573743826	0.6813799426256174
full_reference_panel	xenium	ENSG00000168036	CTNNB1	-0.03934417593776596	0	-0.03934417593776596	138726.0	6103.0	0.39413834915565016	0.6058616508443498
full_reference_panel	xenium	ENSG00000107201	DDX58	-0.3258835016415551	0	-0.3258835016415551	36473.0	2133.0	0.24736048265460034	0.7526395173453997
full_reference_panel	xenium	ENSG00000050165	DKK3	-0.5509547832712293	0	-0.5509547832712293	1420.0	807.0	0.31002868719131693	0.6899713128086831
full_reference_panel	xenium	ENSG00000118997	DNAH7	0.39224726179820735	1	0.39224726179820735	9794.0	119.0	0.8799943808594328	0.8799943808594328
full_reference_panel	xenium	ENSG00000142627	EPHA2	-0.06737766034129933	0	-0.06737766034129933	11144.0	454.0	0.47276195546091737	0.5272380445390826
full_reference_panel	xenium	ENSG00000078098	FAP	-0.13797264467822531	0	-0.13797264467822531	252.0	78.0	0.3810368793067755	0.6189631206932245
full_reference_panel	xenium	ENSG00000162747	FCGR3B	-0.13510565152676066	0	-0.13510565152676066	381.0	49.0	0.464569840002366	0.535430159997634
full_reference_panel	xenium	ENSG00000169919	GUSB	0.3832164196325838	1	0.3832164196325838	141986.0	3595.0	0.8317067400112382	0.8317067400112382
full_reference_panel	xenium	ENSG00000164683	HEY1	-0.3253442631070507	0	-0.3253442631070507	551.0	262.0	0.3355070535001331	0.6644929464998669
full_reference_panel	xenium	ENSG00000173110	HSPA6	-0.18727718147354921	0	-0.18727718147354921	665.0	84.0	0.42187915890338035	0.5781208410966197
full_reference_panel	xenium	ENSG00000090339	ICAM1	0.27920219880861685	1	0.27920219880861685	25376.0	502.0	0.6528849850649158	0.6528849850649158
full_reference_panel	xenium	ENSG00000131203	IDO1	-0.02221067292620068	0	-0.02221067292620068	297.0	29.0	0.5191568331706741	0.48084316682932593
full_reference_panel	xenium	ENSG00000137959	IFI44L	-0.9041434654916018	0	-0.9041434654916018	37905.0	4140.0	0.09045337592050395	0.909546624079496
full_reference_panel	xenium	ENSG00000185811	IKZF1	-0.17477714939535993	0	-0.17477714939535993	509.0	134.0	0.4104338568006388	0.5895661431993612
full_reference_panel	xenium	ENSG00000100385	IL2RB	-0.22588209509566898	0	-0.22588209509566898	245.0	129.0	0.415979061307781	0.584020938692219
full_reference_panel	xenium	ENSG00000122641	INHBA	-0.19152927528686636	0	-0.19152927528686636	451.0	153.0	0.3787744358678615	0.6212255641321385
full_reference_panel	xenium	ENSG00000005844	ITGAL	-0.5752526211754881	0	-0.5752526211754881	1385.0	387.0	0.31952207730754445	0.6804779226924556
full_reference_panel	xenium	ENSG00000169896	ITGAM	-0.296642266441369	0	-0.296642266441369	1674.0	253.0	0.3857761807588797	0.6142238192411202
full_reference_panel	xenium	ENSG00000076706	MCAM	-0.51833119835155	0	-0.51833119835155	24005.0	2833.0	0.28001804039866324	0.7199819596013368
full_reference_panel	xenium	ENSG00000085276	MECOM	0.3388995168239286	1	0.3388995168239286	33501.0	845.0	0.7010099665809008	0.7010099665809008
full_reference_panel	xenium	ENSG00000099953	MMP11	-0.4689042689927968	0	-0.4689042689927968	3766.0	782.0	0.36868955727087216	0.6313104427291278
full_reference_panel	xenium	ENSG00000181143	MUC16	1.160205040563885	1	1.160205040563885	377717.0	3551.0	0.956200277999586	0.956200277999586
full_reference_panel	xenium	ENSG00000117983	MUC5B	0.7969099307870463	1	0.7969099307870463	56517.0	868.0	0.8231153698281726	0.8231153698281726
full_reference_panel	xenium	ENSG00000157601	MX1	-0.9359838268924137	0	-0.9359838268924137	79518.0	7229.0	0.11236802413273	0.8876319758672699
full_reference_panel	xenium	ENSG00000149294	NCAM1	0.6868908758166763	1	0.6868908758166763	61816.0	1129.0	0.8463312926980747	0.8463312926980747
full_reference_panel	xenium	ENSG00000104419	NDRG1	0.3770080028033298	1	0.3770080028033298	77466.0	1833.0	0.7299263596841451	0.7299263596841451
full_reference_panel	xenium	ENSG00000074181	NOTCH3	0.545997080389387	1	0.545997080389387	155647.0	3183.0	0.8471889509951793	0.8471889509951793
full_reference_panel	xenium	ENSG00000122133	PAEP	0.11013997127080814	1	0.11013997127080814	2459.0	36.0	0.7869680300476148	0.7869680300476148
full_reference_panel	xenium	ENSG00000185920	PTCH1	-0.8443879311784701	0	-0.8443879311784701	10678.0	3239.0	0.16366486262680033	0.8363351373731996
full_reference_panel	xenium	ENSG00000095303	PTGS1	0.6925437683334089	1	0.6925437683334089	53530.0	642.0	0.842856297873599	0.842856297873599
full_reference_panel	xenium	ENSG00000143248	RGS5	-0.4985556874784564	0	-0.4985556874784564	1081.0	543.0	0.28913435660840503	0.710865643391595
full_reference_panel	xenium	ENSG00000124935	SCGB1D2	0.14059315061604755	1	0.14059315061604755	6109.0	123.0	0.7159080826900897	0.7159080826900897
full_reference_panel	xenium	ENSG00000196136	SERPINA3	0.18773661668572383	1	0.18773661668572383	7503.0	122.0	0.7064220861798717	0.7064220861798717
full_reference_panel	xenium	ENSG00000117394	SLC2A1	0.8539376233038483	1	0.8539376233038483	134863.0	1569.0	0.8235441989767249	0.8235441989767249
full_reference_panel	xenium	ENSG00000125398	SOX9	0.48215054771722876	1	0.48215054771722876	20531.0	290.0	0.8394774199272468	0.8394774199272468
full_reference_panel	xenium	ENSG00000105825	TFPI2	0.18709147246109054	1	0.18709147246109054	4571.0	89.0	0.8051045455889747	0.8051045455889747
full_reference_panel	xenium	ENSG00000181847	TIGIT	0.0026970343981272543	1	0.0026970343981272543	1568.0	73.0	0.6705113417916186	0.6705113417916186
full_reference_panel	xenium	ENSG00000078900	TP73	0.017129963640476954	1	0.017129963640476954	752.0	20.0	0.7024369325407389	0.7024369325407389
full_reference_panel	xenium	ENSG00000159713	TPPP3	0.07210002236097895	1	0.07210002236097895	4860.0	165.0	0.6289740632301186	0.6289740632301186
full_reference_panel	xenium	ENSG00000176890	TYMS	0.5229683557202657	1	0.5229683557202657	43165.0	897.0	0.7864430840209388	0.7864430840209388
full_reference_panel	xenium	ENSG00000112715	VEGFA	0.09499428139612309	1	0.09499428139612309	36951.0	1051.0	0.5501286487445657	0.5501286487445657
full_reference_panel	xenium	ENSG00000114251	WNT5A	-0.7850381372746862	0	-0.7850381372746862	5003.0	1344.0	0.17581995090645608	0.8241800490935439
full_reference_panel	space_ranger	ENSG00000106624	AEBP1	-1.2186754406261064	0	-0.5746857070158565	2177.0	451.0	0.35036820157927423	0.6496317984207258
full_reference_panel	space_ranger	ENSG00000178999	AURKB	0.4900154039063297	1	0.29884762734743797	2047.0	123.0	0.6591695501730104	0.6591695501730104
full_reference_panel	space_ranger	ENSG00000168646	AXIN2	-0.3677540769785353	0	0.0642537756655211	801.0	61.0	0.584996894685476	0.415003105314524
full_reference_panel	space_ranger	ENSG00000125378	BMP4	-0.0804366126166006	0	-0.012329091213337973	187.0	19.0	0.5295522432200632	0.4704477567799368
full_reference_panel	space_ranger	ENSG00000101144	BMP7	0.9155901577807033	1	0.2958441009543935	6130.0	413.0	0.5856253511962856	0.5856253511962856
full_reference_panel	space_ranger	ENSG00000150636	CCDC102B	-0.22139252491146047	0	-0.029476869830164176	90.0	10.0	0.5192899180788454	0.4807100819211546
full_reference_panel	space_ranger	ENSG00000091986	CCDC80	-0.25386275961685006	0	0.10444160679872261	947.0	53.0	0.6120427054683109	0.38795729453168915
full_reference_panel	space_ranger	ENSG00000105383	CD33	-0.06511818483336172	0	-0.017505728576063306	21.0	5.0	0.4907579924880962	0.5092420075119037
full_reference_panel	space_ranger	ENSG00000004468	CD38	-0.13197857295373824	0	-0.05691038156422913	69.0	10.0	0.505796587111466	0.494203412888534
full_reference_panel	space_ranger	ENSG00000153283	CD96	-0.10597192476309936	0	0.032293480292380536	227.0	16.0	0.5654851684263449	0.4345148315736551
full_reference_panel	space_ranger	ENSG00000054938	CHRDL2	-0.008357823415277181	0	0.003045926275285879	13.0	1.0	0.504820631118209	0.49517936888179104
full_reference_panel	space_ranger	ENSG00000163507	CIP2A	0.3712897378497174	1	0.1863615485658317	1357.0	83.0	0.6493434477863543	0.6493434477863543
full_reference_panel	space_ranger	ENSG00000163347	CLDN1	0.2141648325447616	1	0.018410332016666864	6234.0	536.0	0.46854760003548934	0.46854760003548934
full_reference_panel	space_ranger	ENSG00000060718	COL11A1	-0.24833468875789252	0	0.028492189586537514	207.0	16.0	0.5503060952887943	0.44969390471120574
full_reference_panel	space_ranger	ENSG00000168036	CTNNB1	-0.03934417593776596	0	0.04678415565295735	24223.0	1674.0	0.5122364179457606	0.4877635820542394
full_reference_panel	space_ranger	ENSG00000107201	DDX58	-0.3258835016415551	0	-0.036031508957525604	2215.0	184.0	0.47601514210510754	0.5239848578948925
full_reference_panel	space_ranger	ENSG00000050165	DKK3	-0.5509547832712293	0	-0.11798256883835184	896.0	112.0	0.4992458521870286	0.5007541478129713
full_reference_panel	space_ranger	ENSG00000118997	DNAH7	0.39224726179820735	1	0.10472539320938995	779.0	62.0	0.6022387838996835	0.6022387838996835
full_reference_panel	space_ranger	ENSG00000142627	EPHA2	-0.06737766034129933	0	0.03688061475694748	1063.0	89.0	0.5477774820335375	0.4522225179664625
full_reference_panel	space_ranger	ENSG00000078098	FAP	-0.13797264467822531	0	-0.026451244723365294	33.0	4.0	0.5031348889480377	0.4968651110519623
full_reference_panel	space_ranger	ENSG00000162747	FCGR3B	-0.13510565152676066	0	0.0009486167823053465	2.0	0.0	0.5015082956259427	0.4984917043740573
full_reference_panel	space_ranger	ENSG00000169919	GUSB	0.3832164196325838	1	0.11025719579373239	3565.0	262.0	0.5211013515511785	0.5211013515511785
full_reference_panel	space_ranger	ENSG00000164683	HEY1	-0.3253442631070507	0	-0.031872828277606624	85.0	16.0	0.494188625676515	0.505811374323485
full_reference_panel	space_ranger	ENSG00000173110	HSPA6	-0.18727718147354921	0	-0.035252285252794405	30.0	6.0	0.490654482003963	0.509345517996037
full_reference_panel	space_ranger	ENSG00000090339	ICAM1	0.27920219880861685	1	0.0684884615111126	1164.0	81.0	0.5733741460385058	0.5733741460385058
full_reference_panel	space_ranger	ENSG00000131203	IDO1	-0.02221067292620068	0	-0.021431464104306932	36.0	5.0	0.5045100996658091	0.49548990033419094
full_reference_panel	space_ranger	ENSG00000137959	IFI44L	-0.9041434654916018	0	-0.1178312741534655	6469.0	568.0	0.38891846331292695	0.611081536687073
full_reference_panel	space_ranger	ENSG00000185811	IKZF1	-0.17477714939535993	0	-0.014816319345172253	25.0	3.0	0.5029796232218378	0.49702037677816224
full_reference_panel	space_ranger	ENSG00000100385	IL2RB	-0.22588209509566898	0	-0.019004869508607494	29.0	4.0	0.4994972347913525	0.5005027652086476
full_reference_panel	space_ranger	ENSG00000122641	INHBA	-0.19152927528686636	0	-0.0075800764652888195	63.0	7.0	0.5045988229379232	0.49540117706207676
full_reference_panel	space_ranger	ENSG00000005844	ITGAL	-0.5752526211754881	0	-0.001277592955544294	38.0	3.0	0.5121772690976844	0.48782273090231565
full_reference_panel	space_ranger	ENSG00000169896	ITGAM	-0.296642266441369	0	-0.01514601079113459	163.0	12.0	0.5415816401975572	0.45841835980244283
full_reference_panel	space_ranger	ENSG00000076706	MCAM	-0.51833119835155	0	-0.10295872620410051	1078.0	123.0	0.5136042350575223	0.4863957649424777
full_reference_panel	space_ranger	ENSG00000085276	MECOM	0.3388995168239286	1	0.1440850623477028	7055.0	501.0	0.5150533818353887	0.5150533818353887
full_reference_panel	space_ranger	ENSG00000099953	MMP11	-0.4689042689927968	0	-0.2332006150217335	1336.0	182.0	0.4504554461301866	0.5495445538698134
full_reference_panel	space_ranger	ENSG00000181143	MUC16	1.160205040563885	1	0.3658514069610961	41042.0	2273.0	0.6449812202407357	0.6449812202407357
full_reference_panel	space_ranger	ENSG00000117983	MUC5B	0.7969099307870463	1	0.28752488245618557	5120.0	365.0	0.5934182119303226	0.5934182119303226
full_reference_panel	space_ranger	ENSG00000157601	MX1	-0.9359838268924137	0	-0.191522829082434	4538.0	423.0	0.3712329577381481	0.6287670422618519
full_reference_panel	space_ranger	ENSG00000149294	NCAM1	0.6868908758166763	1	0.26944191322427125	3329.0	210.0	0.5902167805281993	0.5902167805281993
full_reference_panel	space_ranger	ENSG00000104419	NDRG1	0.3770080028033298	1	-0.014440571090655475	72.0	6.0	0.5212787980954071	0.5212787980954071
full_reference_panel	space_ranger	ENSG00000074181	NOTCH3	0.545997080389387	1	0.09070447053438624	17738.0	1203.0	0.5100553041729512	0.5100553041729512
full_reference_panel	space_ranger	ENSG00000122133	PAEP	0.11013997127080814	1	0.030643405788159606	330.0	23.0	0.5617587909975452	0.5617587909975452
full_reference_panel	space_ranger	ENSG00000185920	PTCH1	-0.8443879311784701	0	-0.12101236511769031	783.0	127.0	0.5064546180463135	0.49354538195368647
full_reference_panel	space_ranger	ENSG00000095303	PTGS1	0.6925437683334089	1	0.3844333470814473	2860.0	162.0	0.6685446425930854	0.6685446425930854
full_reference_panel	space_ranger	ENSG00000143248	RGS5	-0.4985556874784564	0	-0.2919429713884637	1619.0	234.0	0.4363336586519978	0.5636663413480022
full_reference_panel	space_ranger	ENSG00000124935	SCGB1D2	0.14059315061604755	1	0.08663617984197058	3692.0	288.0	0.5176781119687694	0.5176781119687694
full_reference_panel	space_ranger	ENSG00000196136	SERPINA3	0.18773661668572383	1	0.05659229450966041	655.0	52.0	0.5616774613314406	0.5616774613314406
full_reference_panel	space_ranger	ENSG00000117394	SLC2A1	0.8539376233038483	1	0.21730987715349093	14912.0	967.0	0.5916363528820276	0.5916363528820276
full_reference_panel	space_ranger	ENSG00000125398	SOX9	0.48215054771722876	1	0.2966174754009908	3100.0	192.0	0.610600952296454	0.610600952296454
full_reference_panel	space_ranger	ENSG00000105825	TFPI2	0.18709147246109054	1	0.059707356400474976	1103.0	97.0	0.5609972495785646	0.5609972495785646
full_reference_panel	space_ranger	ENSG00000181847	TIGIT	0.0026970343981272543	1	-0.025417282916945005	162.0	20.0	0.5127983320024843	0.5127983320024843
full_reference_panel	space_ranger	ENSG00000078900	TP73	0.017129963640476954	1	0.07537274123453311	411.0	28.0	0.5965826753023986	0.5965826753023986
full_reference_panel	space_ranger	ENSG00000159713	TPPP3	0.07210002236097895	1	0.15824174787819772	892.0	58.0	0.6359832017271463	0.6359832017271463
full_reference_panel	space_ranger	ENSG00000176890	TYMS	0.5229683557202657	1	0.319530738615585	6223.0	380.0	0.6089447845503209	0.6089447845503209
full_reference_panel	space_ranger	ENSG00000112715	VEGFA	0.09499428139612309	1	0.2917002876135226	8154.0	575.0	0.569048886522935	0.569048886522935
full_reference_panel	space_ranger	ENSG00000114251	WNT5A	-0.7850381372746862	0	-0.26229373725949257	1034.0	189.0	0.4350397776003312	0.5649602223996688
full_reference_panel	strict	ENSG00000106624	AEBP1	-1.2186754406261064	0	-0.487663433915171	1939.0	388.0	0.3737467837813858	0.6262532162186142
full_reference_panel	strict	ENSG00000178999	AURKB	0.4900154039063297	1	0.26176780713070724	1783.0	106.0	0.6361162866353178	0.6361162866353178
full_reference_panel	strict	ENSG00000168646	AXIN2	-0.3677540769785353	0	0.07202427146919704	721.0	53.0	0.5782539260047911	0.4217460739952089
full_reference_panel	strict	ENSG00000125378	BMP4	-0.0804366126166006	0	-0.016674368986579063	161.0	17.0	0.5245763463756543	0.4754236536243457
full_reference_panel	strict	ENSG00000101144	BMP7	0.9155901577807033	1	0.3077077150268528	5417.0	356.0	0.5995253304941887	0.5995253304941887
full_reference_panel	strict	ENSG00000150636	CCDC102B	-0.22139252491146047	0	-0.0028154611713750305	93.0	7.0	0.5265282583621684	0.47347174163783157
full_reference_panel	strict	ENSG00000091986	CCDC80	-0.25386275961685006	0	0.09604152550250528	809.0	50.0	0.6003164463372077	0.3996835536627923
full_reference_panel	strict	ENSG00000105383	CD33	-0.06511818483336172	0	-0.016459647088744943	17.0	4.0	0.49279862774672456	0.5072013722532754
full_reference_panel	strict	ENSG00000004468	CD38	-0.13197857295373824	0	-0.04710333567106594	58.0	7.0	0.5083695620027799	0.49163043799722006
full_reference_panel	strict	ENSG00000153283	CD96	-0.10597192476309936	0	0.020766244960089414	226.0	17.0	0.556368852216603	0.44363114778339696
full_reference_panel	strict	ENSG00000054938	CHRDL2	-0.008357823415277181	0	-0.0005354611814212141	10.0	1.0	0.5025655812853045	0.4974344187146955
full_reference_panel	strict	ENSG00000163507	CIP2A	0.3712897378497174	1	0.24504042134453408	1168.0	67.0	0.6726407003223612	0.6726407003223612
full_reference_panel	strict	ENSG00000163347	CLDN1	0.2141648325447616	1	0.009167684255663389	5432.0	471.0	0.4671354212876704	0.4671354212876704
full_reference_panel	strict	ENSG00000060718	COL11A1	-0.24833468875789252	0	-0.013519602959259497	180.0	22.0	0.5223434773607785	0.47765652263922154
full_reference_panel	strict	ENSG00000168036	CTNNB1	-0.03934417593776596	0	0.15406601831074207	21175.0	1456.0	0.5535666755389939	0.44643332446100614
full_reference_panel	strict	ENSG00000107201	DDX58	-0.3258835016415551	0	-0.01172087113604603	1947.0	158.0	0.49245852187028655	0.5075414781297134
full_reference_panel	strict	ENSG00000050165	DKK3	-0.5509547832712293	0	-0.16397707882454043	776.0	105.0	0.47728684233874547	0.5227131576612545
full_reference_panel	strict	ENSG00000118997	DNAH7	0.39224726179820735	1	0.10053832221883519	677.0	55.0	0.5985345872889126	0.5985345872889126
full_reference_panel	strict	ENSG00000142627	EPHA2	-0.06737766034129933	0	0.050168517434367066	929.0	78.0	0.5556294916156508	0.4443705083843492
full_reference_panel	strict	ENSG00000078098	FAP	-0.13797264467822531	0	0.01566401321746096	29.0	1.0	0.5154082749238459	0.4845917250761541
full_reference_panel	strict	ENSG00000162747	FCGR3B	-0.13510565152676066	0	0.0010702383265025284	2.0	0.0	0.5015082956259427	0.4984917043740573
full_reference_panel	strict	ENSG00000169919	GUSB	0.3832164196325838	1	0.13555566171621836	3118.0	236.0	0.5246798568597877	0.5246798568597877
full_reference_panel	strict	ENSG00000164683	HEY1	-0.3253442631070507	0	-0.04621810609635636	76.0	18.0	0.48257327063555444	0.5174267293644456
full_reference_panel	strict	ENSG00000173110	HSPA6	-0.18727718147354921	0	-0.03958619712712664	27.0	6.0	0.48853991068523944	0.5114600893147605
full_reference_panel	strict	ENSG00000090339	ICAM1	0.27920219880861685	1	0.100592699112041	1000.0	73.0	0.5900541211959897	0.5900541211959897
full_reference_panel	strict	ENSG00000131203	IDO1	-0.02221067292620068	0	-0.023322737449629705	33.0	5.0	0.4973456954425813	0.5026543045574188
full_reference_panel	strict	ENSG00000137959	IFI44L	-0.9041434654916018	0	-0.1635794768796901	5584.0	511.0	0.37610534409842367	0.6238946559015763
full_reference_panel	strict	ENSG00000185811	IKZF1	-0.17477714939535993	0	-0.028333123911852436	27.0	4.0	0.49934936267116203	0.500650637328838
full_reference_panel	strict	ENSG00000100385	IL2RB	-0.22588209509566898	0	-0.01961818639249703	29.0	4.0	0.5002218081802857	0.4997781918197143
full_reference_panel	strict	ENSG00000122641	INHBA	-0.19152927528686636	0	-0.005948102418053915	53.0	6.0	0.5045100996658091	0.49548990033419094
full_reference_panel	strict	ENSG00000005844	ITGAL	-0.5752526211754881	0	-0.0022369082130868946	34.0	3.0	0.509205039481856	0.490794960518144
full_reference_panel	strict	ENSG00000169896	ITGAM	-0.296642266441369	0	0.00570904852256357	140.0	12.0	0.5324801111998344	0.4675198888001656
full_reference_panel	strict	ENSG00000076706	MCAM	-0.51833119835155	0	-0.05316586226791287	959.0	101.0	0.5203472037382072	0.4796527962617928
full_reference_panel	strict	ENSG00000085276	MECOM	0.3388995168239286	1	0.13906604573374026	6372.0	459.0	0.5102327507171798	0.5102327507171798
full_reference_panel	strict	ENSG00000099953	MMP11	-0.4689042689927968	0	-0.21935966114886785	1147.0	166.0	0.4656567000857658	0.5343432999142341
full_reference_panel	strict	ENSG00000181143	MUC16	1.160205040563885	1	0.32647614804970004	35716.0	1952.0	0.6306154437642327	0.6306154437642327
full_reference_panel	strict	ENSG00000117983	MUC5B	0.7969099307870463	1	0.3175551013532738	4496.0	331.0	0.602216603081655	0.602216603081655
full_reference_panel	strict	ENSG00000157601	MX1	-0.9359838268924137	0	-0.14062751677358998	4042.0	372.0	0.40502913080767755	0.5949708691923224
full_reference_panel	strict	ENSG00000149294	NCAM1	0.6868908758166763	1	0.33274935456395893	2877.0	173.0	0.6213512554343005	0.6213512554343005
full_reference_panel	strict	ENSG00000104419	NDRG1	0.3770080028033298	1	-0.026194116188303203	58.0	6.0	0.5111791322863987	0.5111791322863987
full_reference_panel	strict	ENSG00000074181	NOTCH3	0.545997080389387	1	0.1253377531379396	15504.0	1047.0	0.5321547925354153	0.5321547925354153
full_reference_panel	strict	ENSG00000122133	PAEP	0.11013997127080814	1	0.033769414146544885	284.0	22.0	0.552760772483956	0.552760772483956
full_reference_panel	strict	ENSG00000185920	PTCH1	-0.8443879311784701	0	-0.11445618414843384	694.0	115.0	0.4954455386981339	0.5045544613018661
full_reference_panel	strict	ENSG00000095303	PTGS1	0.6925437683334089	1	0.3399564677150648	2496.0	148.0	0.6475320143140212	0.6475320143140212
full_reference_panel	strict	ENSG00000143248	RGS5	-0.4985556874784564	0	-0.27549829732031017	1402.0	214.0	0.4507585839765771	0.5492414160234229
full_reference_panel	strict	ENSG00000124935	SCGB1D2	0.14059315061604755	1	0.07929586776637332	3253.0	249.0	0.517700292786798	0.517700292786798
full_reference_panel	strict	ENSG00000196136	SERPINA3	0.18773661668572383	1	0.04658985845183011	565.0	49.0	0.5580619879927838	0.5580619879927838
full_reference_panel	strict	ENSG00000117394	SLC2A1	0.8539376233038483	1	0.2638007404832714	12957.0	839.0	0.5989190548014077	0.5989190548014077
full_reference_panel	strict	ENSG00000125398	SOX9	0.48215054771722876	1	0.32679884621503563	2710.0	162.0	0.6203605122290243	0.6203605122290243
full_reference_panel	strict	ENSG00000105825	TFPI2	0.18709147246109054	1	0.09174121978941457	966.0	79.0	0.5742761659716676	0.5742761659716676
full_reference_panel	strict	ENSG00000181847	TIGIT	0.0026970343981272543	1	-0.02025934200916997	143.0	18.0	0.5077780735220182	0.5077780735220182
full_reference_panel	strict	ENSG00000078900	TP73	0.017129963640476954	1	0.07235531872873915	360.0	24.0	0.587895188241209	0.587895188241209
full_reference_panel	strict	ENSG00000159713	TPPP3	0.07210002236097895	1	0.138132073535071	767.0	55.0	0.6235249756011002	0.6235249756011002
full_reference_panel	strict	ENSG00000176890	TYMS	0.5229683557202657	1	0.33747341739996317	5427.0	318.0	0.6213290746162718	0.6213290746162718
full_reference_panel	strict	ENSG00000112715	VEGFA	0.09499428139612309	1	0.33053569930365234	7075.0	491.0	0.5754443557211724	0.5754443557211724
full_reference_panel	strict	ENSG00000114251	WNT5A	-0.7850381372746862	0	-0.22411185913546594	946.0	159.0	0.44528731552953005	0.55471268447047
full_reference_panel	hard	ENSG00000106624	AEBP1	-1.2186754406261064	0	-0.5378267848143122	2382.0	476.0	0.3556398426640641	0.6443601573359359
full_reference_panel	hard	ENSG00000178999	AURKB	0.4900154039063297	1	0.28169474812663897	2182.0	131.0	0.6503489782036496	0.6503489782036496
full_reference_panel	hard	ENSG00000168646	AXIN2	-0.3677540769785353	0	0.0197183351079393	859.0	68.0	0.5544465146541271	0.4455534853458729
full_reference_panel	hard	ENSG00000125378	BMP4	-0.0804366126166006	0	-0.004692120028113325	202.0	19.0	0.5365761689291101	0.4634238310708899
full_reference_panel	hard	ENSG00000101144	BMP7	0.9155901577807033	1	0.2697200037225853	6591.0	438.0	0.5833111525153047	0.5833111525153047
full_reference_panel	hard	ENSG00000150636	CCDC102B	-0.22139252491146047	0	-0.013990645154827522	118.0	11.0	0.5263360246059207	0.47366397539407934
full_reference_panel	hard	ENSG00000091986	CCDC80	-0.25386275961685006	0	0.07087427922528605	996.0	61.0	0.595614112915151	0.404385887084849
full_reference_panel	hard	ENSG00000105383	CD33	-0.06511818483336172	0	-0.015527577420983128	23.0	5.0	0.4915047466950581	0.5084952533049418
full_reference_panel	hard	ENSG00000004468	CD38	-0.13197857295373824	0	-0.0481663147482829	78.0	10.0	0.5115044509508179	0.48849554904918213
full_reference_panel	hard	ENSG00000153283	CD96	-0.10597192476309936	0	0.0178518121779086	262.0	19.0	0.5642652234347735	0.4357347765652265
full_reference_panel	hard	ENSG00000054938	CHRDL2	-0.008357823415277181	0	0.002971874456333441	13.0	1.0	0.504820631118209	0.49517936888179104
full_reference_panel	hard	ENSG00000163507	CIP2A	0.3712897378497174	1	0.1912690566914081	1456.0	89.0	0.652574453612516	0.652574453612516
full_reference_panel	hard	ENSG00000163347	CLDN1	0.2141648325447616	1	-0.01565401653159948	6684.0	581.0	0.4539895898027386	0.4539895898027386
full_reference_panel	hard	ENSG00000060718	COL11A1	-0.24833468875789252	0	-0.0025771839725475254	225.0	24.0	0.5298997427025108	0.47010025729748917
full_reference_panel	hard	ENSG00000168036	CTNNB1	-0.03934417593776596	0	0.0727817165212743	26014.0	1833.0	0.5157040191642267	0.4842959808357733
full_reference_panel	hard	ENSG00000107201	DDX58	-0.3258835016415551	0	-0.012839078307904317	2400.0	194.0	0.48564901073551586	0.5143509892644842
full_reference_panel	hard	ENSG00000050165	DKK3	-0.5509547832712293	0	-0.17849345307645004	954.0	128.0	0.4688285570638512	0.5311714429361488
full_reference_panel	hard	ENSG00000118997	DNAH7	0.39224726179820735	1	0.11295362316213364	832.0	65.0	0.6097802620293968	0.6097802620293968
full_reference_panel	hard	ENSG00000142627	EPHA2	-0.06737766034129933	0	0.0444785993600707	1139.0	93.0	0.5497959364741372	0.45020406352586284
full_reference_panel	hard	ENSG00000078098	FAP	-0.13797264467822531	0	-0.02229492072446422	37.0	4.0	0.5061071185638659	0.4938928814361341
full_reference_panel	hard	ENSG00000162747	FCGR3B	-0.13510565152676066	0	0.000894114599578013	2.0	0.0	0.5015082956259427	0.4984917043740573
full_reference_panel	hard	ENSG00000169919	GUSB	0.3832164196325838	1	0.10351802581285252	3799.0	289.0	0.5084287108508562	0.5084287108508562
full_reference_panel	hard	ENSG00000164683	HEY1	-0.3253442631070507	0	-0.03518338228268406	88.0	18.0	0.49089847100227724	0.5091015289977228
full_reference_panel	hard	ENSG00000173110	HSPA6	-0.18727718147354921	0	-0.03180403659732306	33.0	6.0	0.49281341495874376	0.5071865850412562
full_reference_panel	hard	ENSG00000090339	ICAM1	0.27920219880861685	1	0.07673986392913801	1234.0	86.0	0.5735441989767249	0.5735441989767249
full_reference_panel	hard	ENSG00000131203	IDO1	-0.02221067292620068	0	-0.02373999350892972	38.0	6.0	0.5002439889983142	0.49975601100168576
full_reference_panel	hard	ENSG00000137959	IFI44L	-0.9041434654916018	0	-0.14574936129164007	6925.0	614.0	0.380378848371928	0.6196211516280721
full_reference_panel	hard	ENSG00000185811	IKZF1	-0.17477714939535993	0	-0.021773125148503623	34.0	4.0	0.5044509508177328	0.49554904918226717
full_reference_panel	hard	ENSG00000100385	IL2RB	-0.22588209509566898	0	-0.015744819502084458	33.0	4.0	0.5024398899831426	0.4975601100168574
full_reference_panel	hard	ENSG00000122641	INHBA	-0.19152927528686636	0	0.001189998692717631	65.0	6.0	0.5104397716854464	0.4895602283145536
full_reference_panel	hard	ENSG00000005844	ITGAL	-0.5752526211754881	0	-0.008335747243581913	44.0	5.0	0.5065137668943896	0.49348623310561035
full_reference_panel	hard	ENSG00000169896	ITGAM	-0.296642266441369	0	-0.02735636032933693	173.0	15.0	0.530579954455387	0.46942004554461303
full_reference_panel	hard	ENSG00000076706	MCAM	-0.51833119835155	0	-0.088019184676706	1171.0	128.0	0.5136412030875699	0.4863587969124301
full_reference_panel	hard	ENSG00000085276	MECOM	0.3388995168239286	1	0.12873831957793147	7818.0	566.0	0.5071570106172182	0.5071570106172182
full_reference_panel	hard	ENSG00000099953	MMP11	-0.4689042689927968	0	-0.21762599002959426	1426.0	194.0	0.4522964540265578	0.5477035459734422
full_reference_panel	hard	ENSG00000181143	MUC16	1.160205040563885	1	0.3170544687752965	43964.0	2448.0	0.6488258953656878	0.6488258953656878
full_reference_panel	hard	ENSG00000117983	MUC5B	0.7969099307870463	1	0.2731059627451966	5526.0	403.0	0.5933220950521988	0.5933220950521988
full_reference_panel	hard	ENSG00000157601	MX1	-0.9359838268924137	0	-0.1297631536553452	4921.0	440.0	0.3974728654659451	0.6025271345340548
full_reference_panel	hard	ENSG00000149294	NCAM1	0.6868908758166763	1	0.26777728045569904	3539.0	224.0	0.5939061899269512	0.5939061899269512
full_reference_panel	hard	ENSG00000104419	NDRG1	0.3770080028033298	1	-0.015289223028002924	72.0	6.0	0.5199035873776359	0.5199035873776359
full_reference_panel	hard	ENSG00000074181	NOTCH3	0.545997080389387	1	0.06358462450067526	19001.0	1303.0	0.48524975601100173	0.48524975601100173
full_reference_panel	hard	ENSG00000122133	PAEP	0.11013997127080814	1	0.037479532260694004	348.0	24.0	0.5695146837015349	0.5695146837015349
full_reference_panel	hard	ENSG00000185920	PTCH1	-0.8443879311784701	0	-0.11580583134400702	850.0	134.0	0.5004584035725904	0.4995415964274096
full_reference_panel	hard	ENSG00000095303	PTGS1	0.6925437683334089	1	0.358450287190464	3079.0	175.0	0.6555984384704108	0.6555984384704108
full_reference_panel	hard	ENSG00000143248	RGS5	-0.4985556874784564	0	-0.281356369702247	1732.0	249.0	0.436407594712093	0.563592405287907
full_reference_panel	hard	ENSG00000124935	SCGB1D2	0.14059315061604755	1	0.06966779586920291	3972.0	305.0	0.5128870552745985	0.5128870552745985
full_reference_panel	hard	ENSG00000196136	SERPINA3	0.18773661668572383	1	0.05874299941333988	702.0	56.0	0.562446396356431	0.562446396356431
full_reference_panel	hard	ENSG00000117394	SLC2A1	0.8539376233038483	1	0.22207317344723876	15893.0	1049.0	0.5932037973560466	0.5932037973560466
full_reference_panel	hard	ENSG00000125398	SOX9	0.48215054771722876	1	0.3094562499325858	3304.0	201.0	0.6161757312276342	0.6161757312276342
full_reference_panel	hard	ENSG00000105825	TFPI2	0.18709147246109054	1	0.07041954771894365	1189.0	100.0	0.5659287847869163	0.5659287847869163
full_reference_panel	hard	ENSG00000181847	TIGIT	0.0026970343981272543	1	-0.02561394132241493	178.0	21.0	0.5142770532043888	0.5142770532043888
full_reference_panel	hard	ENSG00000078900	TP73	0.017129963640476954	1	0.06882324321557343	443.0	30.0	0.5999393724307218	0.5999393724307218
full_reference_panel	hard	ENSG00000159713	TPPP3	0.07210002236097895	1	0.14484393128462453	953.0	63.0	0.6292772010765091	0.6292772010765091
full_reference_panel	hard	ENSG00000176890	TYMS	0.5229683557202657	1	0.3031209027077981	6675.0	406.0	0.6126489811610919	0.6126489811610919
full_reference_panel	hard	ENSG00000112715	VEGFA	0.09499428139612309	1	0.22800203905728766	8702.0	627.0	0.5485316298465087	0.5485316298465087
full_reference_panel	hard	ENSG00000114251	WNT5A	-0.7850381372746862	0	-0.24612512466156355	1121.0	197.0	0.4406293437435306	0.5593706562564694
exclude_mecom	xenium	ENSG00000106624	AEBP1	-1.2186754406261064	0	-1.2186754406261064	9932.0	4314.0	0.17414160234229437	0.8258583976577056
exclude_mecom	xenium	ENSG00000178999	AURKB	0.4900154039063297	1	0.4900154039063297	28972.0	472.0	0.7968976429184041	0.7968976429184041
exclude_mecom	xenium	ENSG00000168646	AXIN2	-0.3677540769785353	0	-0.3677540769785353	6795.0	660.0	0.25924200751190374	0.7407579924880963
exclude_mecom	xenium	ENSG00000125378	BMP4	-0.0804366126166006	0	-0.0804366126166006	1503.0	105.0	0.515792742436341	0.484207257563659
exclude_mecom	xenium	ENSG00000101144	BMP7	0.9155901577807033	1	0.9155901577807033	71825.0	776.0	0.8885192085884127	0.8885192085884127
exclude_mecom	xenium	ENSG00000150636	CCDC102B	-0.22139252491146047	0	-0.22139252491146047	234.0	135.0	0.32054239493685854	0.6794576050631415
exclude_mecom	xenium	ENSG00000091986	CCDC80	-0.25386275961685006	0	-0.25386275961685006	5143.0	504.0	0.3825377813267087	0.6174622186732913
exclude_mecom	xenium	ENSG00000105383	CD33	-0.06511818483336172	0	-0.06511818483336172	298.0	50.0	0.49905361843078105	0.500946381569219
exclude_mecom	xenium	ENSG00000004468	CD38	-0.13197857295373824	0	-0.13197857295373824	909.0	191.0	0.5152456155916363	0.4847543844083637
exclude_mecom	xenium	ENSG00000153283	CD96	-0.10597192476309936	0	-0.10597192476309936	762.0	65.0	0.6233697098749001	0.37663029012509985
exclude_mecom	xenium	ENSG00000054938	CHRDL2	-0.008357823415277181	0	-0.008357823415277181	66.0	7.0	0.5078224351580752	0.49217756484192476
exclude_mecom	xenium	ENSG00000163507	CIP2A	0.3712897378497174	1	0.3712897378497174	20403.0	444.0	0.7547762694821518	0.7547762694821518
exclude_mecom	xenium	ENSG00000163347	CLDN1	0.2141648325447616	1	0.2141648325447616	46073.0	2041.0	0.5574778931180315	0.5574778931180315
exclude_mecom	xenium	ENSG00000060718	COL11A1	-0.24833468875789252	0	-0.24833468875789252	474.0	204.0	0.3186200573743826	0.6813799426256174
exclude_mecom	xenium	ENSG00000168036	CTNNB1	-0.03934417593776596	0	-0.03934417593776596	138726.0	6103.0	0.39413834915565016	0.6058616508443498
exclude_mecom	xenium	ENSG00000107201	DDX58	-0.3258835016415551	0	-0.3258835016415551	36473.0	2133.0	0.24736048265460034	0.7526395173453997
exclude_mecom	xenium	ENSG00000050165	DKK3	-0.5509547832712293	0	-0.5509547832712293	1420.0	807.0	0.31002868719131693	0.6899713128086831
exclude_mecom	xenium	ENSG00000118997	DNAH7	0.39224726179820735	1	0.39224726179820735	9794.0	119.0	0.8799943808594328	0.8799943808594328
exclude_mecom	xenium	ENSG00000142627	EPHA2	-0.06737766034129933	0	-0.06737766034129933	11144.0	454.0	0.47276195546091737	0.5272380445390826
exclude_mecom	xenium	ENSG00000078098	FAP	-0.13797264467822531	0	-0.13797264467822531	252.0	78.0	0.3810368793067755	0.6189631206932245
exclude_mecom	xenium	ENSG00000162747	FCGR3B	-0.13510565152676066	0	-0.13510565152676066	381.0	49.0	0.464569840002366	0.535430159997634
exclude_mecom	xenium	ENSG00000169919	GUSB	0.3832164196325838	1	0.3832164196325838	141986.0	3595.0	0.8317067400112382	0.8317067400112382
exclude_mecom	xenium	ENSG00000164683	HEY1	-0.3253442631070507	0	-0.3253442631070507	551.0	262.0	0.3355070535001331	0.6644929464998669
exclude_mecom	xenium	ENSG00000173110	HSPA6	-0.18727718147354921	0	-0.18727718147354921	665.0	84.0	0.42187915890338035	0.5781208410966197
exclude_mecom	xenium	ENSG00000090339	ICAM1	0.27920219880861685	1	0.27920219880861685	25376.0	502.0	0.6528849850649158	0.6528849850649158
exclude_mecom	xenium	ENSG00000131203	IDO1	-0.02221067292620068	0	-0.02221067292620068	297.0	29.0	0.5191568331706741	0.48084316682932593
exclude_mecom	xenium	ENSG00000137959	IFI44L	-0.9041434654916018	0	-0.9041434654916018	37905.0	4140.0	0.09045337592050395	0.909546624079496
exclude_mecom	xenium	ENSG00000185811	IKZF1	-0.17477714939535993	0	-0.17477714939535993	509.0	134.0	0.4104338568006388	0.5895661431993612
exclude_mecom	xenium	ENSG00000100385	IL2RB	-0.22588209509566898	0	-0.22588209509566898	245.0	129.0	0.415979061307781	0.584020938692219
exclude_mecom	xenium	ENSG00000122641	INHBA	-0.19152927528686636	0	-0.19152927528686636	451.0	153.0	0.3787744358678615	0.6212255641321385
exclude_mecom	xenium	ENSG00000005844	ITGAL	-0.5752526211754881	0	-0.5752526211754881	1385.0	387.0	0.31952207730754445	0.6804779226924556
exclude_mecom	xenium	ENSG00000169896	ITGAM	-0.296642266441369	0	-0.296642266441369	1674.0	253.0	0.3857761807588797	0.6142238192411202
exclude_mecom	xenium	ENSG00000076706	MCAM	-0.51833119835155	0	-0.51833119835155	24005.0	2833.0	0.28001804039866324	0.7199819596013368
exclude_mecom	xenium	ENSG00000099953	MMP11	-0.4689042689927968	0	-0.4689042689927968	3766.0	782.0	0.36868955727087216	0.6313104427291278
exclude_mecom	xenium	ENSG00000181143	MUC16	1.160205040563885	1	1.160205040563885	377717.0	3551.0	0.956200277999586	0.956200277999586
exclude_mecom	xenium	ENSG00000117983	MUC5B	0.7969099307870463	1	0.7969099307870463	56517.0	868.0	0.8231153698281726	0.8231153698281726
exclude_mecom	xenium	ENSG00000157601	MX1	-0.9359838268924137	0	-0.9359838268924137	79518.0	7229.0	0.11236802413273	0.8876319758672699
exclude_mecom	xenium	ENSG00000149294	NCAM1	0.6868908758166763	1	0.6868908758166763	61816.0	1129.0	0.8463312926980747	0.8463312926980747
exclude_mecom	xenium	ENSG00000104419	NDRG1	0.3770080028033298	1	0.3770080028033298	77466.0	1833.0	0.7299263596841451	0.7299263596841451
exclude_mecom	xenium	ENSG00000074181	NOTCH3	0.545997080389387	1	0.545997080389387	155647.0	3183.0	0.8471889509951793	0.8471889509951793
exclude_mecom	xenium	ENSG00000122133	PAEP	0.11013997127080814	1	0.11013997127080814	2459.0	36.0	0.7869680300476148	0.7869680300476148
exclude_mecom	xenium	ENSG00000185920	PTCH1	-0.8443879311784701	0	-0.8443879311784701	10678.0	3239.0	0.16366486262680033	0.8363351373731996
exclude_mecom	xenium	ENSG00000095303	PTGS1	0.6925437683334089	1	0.6925437683334089	53530.0	642.0	0.842856297873599	0.842856297873599
exclude_mecom	xenium	ENSG00000143248	RGS5	-0.4985556874784564	0	-0.4985556874784564	1081.0	543.0	0.28913435660840503	0.710865643391595
exclude_mecom	xenium	ENSG00000124935	SCGB1D2	0.14059315061604755	1	0.14059315061604755	6109.0	123.0	0.7159080826900897	0.7159080826900897
exclude_mecom	xenium	ENSG00000196136	SERPINA3	0.18773661668572383	1	0.18773661668572383	7503.0	122.0	0.7064220861798717	0.7064220861798717
exclude_mecom	xenium	ENSG00000117394	SLC2A1	0.8539376233038483	1	0.8539376233038483	134863.0	1569.0	0.8235441989767249	0.8235441989767249
exclude_mecom	xenium	ENSG00000125398	SOX9	0.48215054771722876	1	0.48215054771722876	20531.0	290.0	0.8394774199272468	0.8394774199272468
exclude_mecom	xenium	ENSG00000105825	TFPI2	0.18709147246109054	1	0.18709147246109054	4571.0	89.0	0.8051045455889747	0.8051045455889747
exclude_mecom	xenium	ENSG00000181847	TIGIT	0.0026970343981272543	1	0.0026970343981272543	1568.0	73.0	0.6705113417916186	0.6705113417916186
exclude_mecom	xenium	ENSG00000078900	TP73	0.017129963640476954	1	0.017129963640476954	752.0	20.0	0.7024369325407389	0.7024369325407389
exclude_mecom	xenium	ENSG00000159713	TPPP3	0.07210002236097895	1	0.07210002236097895	4860.0	165.0	0.6289740632301186	0.6289740632301186
exclude_mecom	xenium	ENSG00000176890	TYMS	0.5229683557202657	1	0.5229683557202657	43165.0	897.0	0.7864430840209388	0.7864430840209388
exclude_mecom	xenium	ENSG00000112715	VEGFA	0.09499428139612309	1	0.09499428139612309	36951.0	1051.0	0.5501286487445657	0.5501286487445657
exclude_mecom	xenium	ENSG00000114251	WNT5A	-0.7850381372746862	0	-0.7850381372746862	5003.0	1344.0	0.17581995090645608	0.8241800490935439
exclude_mecom	space_ranger	ENSG00000106624	AEBP1	-1.2186754406261064	0	-0.5746857070158565	2177.0	451.0	0.35036820157927423	0.6496317984207258
exclude_mecom	space_ranger	ENSG00000178999	AURKB	0.4900154039063297	1	0.29884762734743797	2047.0	123.0	0.6591695501730104	0.6591695501730104
exclude_mecom	space_ranger	ENSG00000168646	AXIN2	-0.3677540769785353	0	0.0642537756655211	801.0	61.0	0.584996894685476	0.415003105314524
exclude_mecom	space_ranger	ENSG00000125378	BMP4	-0.0804366126166006	0	-0.012329091213337973	187.0	19.0	0.5295522432200632	0.4704477567799368
exclude_mecom	space_ranger	ENSG00000101144	BMP7	0.9155901577807033	1	0.2958441009543935	6130.0	413.0	0.5856253511962856	0.5856253511962856
exclude_mecom	space_ranger	ENSG00000150636	CCDC102B	-0.22139252491146047	0	-0.029476869830164176	90.0	10.0	0.5192899180788454	0.4807100819211546
exclude_mecom	space_ranger	ENSG00000091986	CCDC80	-0.25386275961685006	0	0.10444160679872261	947.0	53.0	0.6120427054683109	0.38795729453168915
exclude_mecom	space_ranger	ENSG00000105383	CD33	-0.06511818483336172	0	-0.017505728576063306	21.0	5.0	0.4907579924880962	0.5092420075119037
exclude_mecom	space_ranger	ENSG00000004468	CD38	-0.13197857295373824	0	-0.05691038156422913	69.0	10.0	0.505796587111466	0.494203412888534
exclude_mecom	space_ranger	ENSG00000153283	CD96	-0.10597192476309936	0	0.032293480292380536	227.0	16.0	0.5654851684263449	0.4345148315736551
exclude_mecom	space_ranger	ENSG00000054938	CHRDL2	-0.008357823415277181	0	0.003045926275285879	13.0	1.0	0.504820631118209	0.49517936888179104
exclude_mecom	space_ranger	ENSG00000163507	CIP2A	0.3712897378497174	1	0.1863615485658317	1357.0	83.0	0.6493434477863543	0.6493434477863543
exclude_mecom	space_ranger	ENSG00000163347	CLDN1	0.2141648325447616	1	0.018410332016666864	6234.0	536.0	0.46854760003548934	0.46854760003548934
exclude_mecom	space_ranger	ENSG00000060718	COL11A1	-0.24833468875789252	0	0.028492189586537514	207.0	16.0	0.5503060952887943	0.44969390471120574
exclude_mecom	space_ranger	ENSG00000168036	CTNNB1	-0.03934417593776596	0	0.04678415565295735	24223.0	1674.0	0.5122364179457606	0.4877635820542394
exclude_mecom	space_ranger	ENSG00000107201	DDX58	-0.3258835016415551	0	-0.036031508957525604	2215.0	184.0	0.47601514210510754	0.5239848578948925
exclude_mecom	space_ranger	ENSG00000050165	DKK3	-0.5509547832712293	0	-0.11798256883835184	896.0	112.0	0.4992458521870286	0.5007541478129713
exclude_mecom	space_ranger	ENSG00000118997	DNAH7	0.39224726179820735	1	0.10472539320938995	779.0	62.0	0.6022387838996835	0.6022387838996835
exclude_mecom	space_ranger	ENSG00000142627	EPHA2	-0.06737766034129933	0	0.03688061475694748	1063.0	89.0	0.5477774820335375	0.4522225179664625
exclude_mecom	space_ranger	ENSG00000078098	FAP	-0.13797264467822531	0	-0.026451244723365294	33.0	4.0	0.5031348889480377	0.4968651110519623
exclude_mecom	space_ranger	ENSG00000162747	FCGR3B	-0.13510565152676066	0	0.0009486167823053465	2.0	0.0	0.5015082956259427	0.4984917043740573
exclude_mecom	space_ranger	ENSG00000169919	GUSB	0.3832164196325838	1	0.11025719579373239	3565.0	262.0	0.5211013515511785	0.5211013515511785
exclude_mecom	space_ranger	ENSG00000164683	HEY1	-0.3253442631070507	0	-0.031872828277606624	85.0	16.0	0.494188625676515	0.505811374323485
exclude_mecom	space_ranger	ENSG00000173110	HSPA6	-0.18727718147354921	0	-0.035252285252794405	30.0	6.0	0.490654482003963	0.509345517996037
exclude_mecom	space_ranger	ENSG00000090339	ICAM1	0.27920219880861685	1	0.0684884615111126	1164.0	81.0	0.5733741460385058	0.5733741460385058
exclude_mecom	space_ranger	ENSG00000131203	IDO1	-0.02221067292620068	0	-0.021431464104306932	36.0	5.0	0.5045100996658091	0.49548990033419094
exclude_mecom	space_ranger	ENSG00000137959	IFI44L	-0.9041434654916018	0	-0.1178312741534655	6469.0	568.0	0.38891846331292695	0.611081536687073
exclude_mecom	space_ranger	ENSG00000185811	IKZF1	-0.17477714939535993	0	-0.014816319345172253	25.0	3.0	0.5029796232218378	0.49702037677816224
exclude_mecom	space_ranger	ENSG00000100385	IL2RB	-0.22588209509566898	0	-0.019004869508607494	29.0	4.0	0.4994972347913525	0.5005027652086476
exclude_mecom	space_ranger	ENSG00000122641	INHBA	-0.19152927528686636	0	-0.0075800764652888195	63.0	7.0	0.5045988229379232	0.49540117706207676
exclude_mecom	space_ranger	ENSG00000005844	ITGAL	-0.5752526211754881	0	-0.001277592955544294	38.0	3.0	0.5121772690976844	0.48782273090231565
exclude_mecom	space_ranger	ENSG00000169896	ITGAM	-0.296642266441369	0	-0.01514601079113459	163.0	12.0	0.5415816401975572	0.45841835980244283
exclude_mecom	space_ranger	ENSG00000076706	MCAM	-0.51833119835155	0	-0.10295872620410051	1078.0	123.0	0.5136042350575223	0.4863957649424777
exclude_mecom	space_ranger	ENSG00000099953	MMP11	-0.4689042689927968	0	-0.2332006150217335	1336.0	182.0	0.4504554461301866	0.5495445538698134
exclude_mecom	space_ranger	ENSG00000181143	MUC16	1.160205040563885	1	0.3658514069610961	41042.0	2273.0	0.6449812202407357	0.6449812202407357
exclude_mecom	space_ranger	ENSG00000117983	MUC5B	0.7969099307870463	1	0.28752488245618557	5120.0	365.0	0.5934182119303226	0.5934182119303226
exclude_mecom	space_ranger	ENSG00000157601	MX1	-0.9359838268924137	0	-0.191522829082434	4538.0	423.0	0.3712329577381481	0.6287670422618519
exclude_mecom	space_ranger	ENSG00000149294	NCAM1	0.6868908758166763	1	0.26944191322427125	3329.0	210.0	0.5902167805281993	0.5902167805281993
exclude_mecom	space_ranger	ENSG00000104419	NDRG1	0.3770080028033298	1	-0.014440571090655475	72.0	6.0	0.5212787980954071	0.5212787980954071
exclude_mecom	space_ranger	ENSG00000074181	NOTCH3	0.545997080389387	1	0.09070447053438624	17738.0	1203.0	0.5100553041729512	0.5100553041729512
exclude_mecom	space_ranger	ENSG00000122133	PAEP	0.11013997127080814	1	0.030643405788159606	330.0	23.0	0.5617587909975452	0.5617587909975452
exclude_mecom	space_ranger	ENSG00000185920	PTCH1	-0.8443879311784701	0	-0.12101236511769031	783.0	127.0	0.5064546180463135	0.49354538195368647
exclude_mecom	space_ranger	ENSG00000095303	PTGS1	0.6925437683334089	1	0.3844333470814473	2860.0	162.0	0.6685446425930854	0.6685446425930854
exclude_mecom	space_ranger	ENSG00000143248	RGS5	-0.4985556874784564	0	-0.2919429713884637	1619.0	234.0	0.4363336586519978	0.5636663413480022
exclude_mecom	space_ranger	ENSG00000124935	SCGB1D2	0.14059315061604755	1	0.08663617984197058	3692.0	288.0	0.5176781119687694	0.5176781119687694
exclude_mecom	space_ranger	ENSG00000196136	SERPINA3	0.18773661668572383	1	0.05659229450966041	655.0	52.0	0.5616774613314406	0.5616774613314406
exclude_mecom	space_ranger	ENSG00000117394	SLC2A1	0.8539376233038483	1	0.21730987715349093	14912.0	967.0	0.5916363528820276	0.5916363528820276
exclude_mecom	space_ranger	ENSG00000125398	SOX9	0.48215054771722876	1	0.2966174754009908	3100.0	192.0	0.610600952296454	0.610600952296454
exclude_mecom	space_ranger	ENSG00000105825	TFPI2	0.18709147246109054	1	0.059707356400474976	1103.0	97.0	0.5609972495785646	0.5609972495785646
exclude_mecom	space_ranger	ENSG00000181847	TIGIT	0.0026970343981272543	1	-0.025417282916945005	162.0	20.0	0.5127983320024843	0.5127983320024843
exclude_mecom	space_ranger	ENSG00000078900	TP73	0.017129963640476954	1	0.07537274123453311	411.0	28.0	0.5965826753023986	0.5965826753023986
exclude_mecom	space_ranger	ENSG00000159713	TPPP3	0.07210002236097895	1	0.15824174787819772	892.0	58.0	0.6359832017271463	0.6359832017271463
exclude_mecom	space_ranger	ENSG00000176890	TYMS	0.5229683557202657	1	0.319530738615585	6223.0	380.0	0.6089447845503209	0.6089447845503209
exclude_mecom	space_ranger	ENSG00000112715	VEGFA	0.09499428139612309	1	0.2917002876135226	8154.0	575.0	0.569048886522935	0.569048886522935
exclude_mecom	space_ranger	ENSG00000114251	WNT5A	-0.7850381372746862	0	-0.26229373725949257	1034.0	189.0	0.4350397776003312	0.5649602223996688
exclude_mecom	strict	ENSG00000106624	AEBP1	-1.2186754406261064	0	-0.487663433915171	1939.0	388.0	0.3737467837813858	0.6262532162186142
exclude_mecom	strict	ENSG00000178999	AURKB	0.4900154039063297	1	0.26176780713070724	1783.0	106.0	0.6361162866353178	0.6361162866353178
exclude_mecom	strict	ENSG00000168646	AXIN2	-0.3677540769785353	0	0.07202427146919704	721.0	53.0	0.5782539260047911	0.4217460739952089
exclude_mecom	strict	ENSG00000125378	BMP4	-0.0804366126166006	0	-0.016674368986579063	161.0	17.0	0.5245763463756543	0.4754236536243457
exclude_mecom	strict	ENSG00000101144	BMP7	0.9155901577807033	1	0.3077077150268528	5417.0	356.0	0.5995253304941887	0.5995253304941887
exclude_mecom	strict	ENSG00000150636	CCDC102B	-0.22139252491146047	0	-0.0028154611713750305	93.0	7.0	0.5265282583621684	0.47347174163783157
exclude_mecom	strict	ENSG00000091986	CCDC80	-0.25386275961685006	0	0.09604152550250528	809.0	50.0	0.6003164463372077	0.3996835536627923
exclude_mecom	strict	ENSG00000105383	CD33	-0.06511818483336172	0	-0.016459647088744943	17.0	4.0	0.49279862774672456	0.5072013722532754
exclude_mecom	strict	ENSG00000004468	CD38	-0.13197857295373824	0	-0.04710333567106594	58.0	7.0	0.5083695620027799	0.49163043799722006
exclude_mecom	strict	ENSG00000153283	CD96	-0.10597192476309936	0	0.020766244960089414	226.0	17.0	0.556368852216603	0.44363114778339696
exclude_mecom	strict	ENSG00000054938	CHRDL2	-0.008357823415277181	0	-0.0005354611814212141	10.0	1.0	0.5025655812853045	0.4974344187146955
exclude_mecom	strict	ENSG00000163507	CIP2A	0.3712897378497174	1	0.24504042134453408	1168.0	67.0	0.6726407003223612	0.6726407003223612
exclude_mecom	strict	ENSG00000163347	CLDN1	0.2141648325447616	1	0.009167684255663389	5432.0	471.0	0.4671354212876704	0.4671354212876704
exclude_mecom	strict	ENSG00000060718	COL11A1	-0.24833468875789252	0	-0.013519602959259497	180.0	22.0	0.5223434773607785	0.47765652263922154
exclude_mecom	strict	ENSG00000168036	CTNNB1	-0.03934417593776596	0	0.15406601831074207	21175.0	1456.0	0.5535666755389939	0.44643332446100614
exclude_mecom	strict	ENSG00000107201	DDX58	-0.3258835016415551	0	-0.01172087113604603	1947.0	158.0	0.49245852187028655	0.5075414781297134
exclude_mecom	strict	ENSG00000050165	DKK3	-0.5509547832712293	0	-0.16397707882454043	776.0	105.0	0.47728684233874547	0.5227131576612545
exclude_mecom	strict	ENSG00000118997	DNAH7	0.39224726179820735	1	0.10053832221883519	677.0	55.0	0.5985345872889126	0.5985345872889126
exclude_mecom	strict	ENSG00000142627	EPHA2	-0.06737766034129933	0	0.050168517434367066	929.0	78.0	0.5556294916156508	0.4443705083843492
exclude_mecom	strict	ENSG00000078098	FAP	-0.13797264467822531	0	0.01566401321746096	29.0	1.0	0.5154082749238459	0.4845917250761541
exclude_mecom	strict	ENSG00000162747	FCGR3B	-0.13510565152676066	0	0.0010702383265025284	2.0	0.0	0.5015082956259427	0.4984917043740573
exclude_mecom	strict	ENSG00000169919	GUSB	0.3832164196325838	1	0.13555566171621836	3118.0	236.0	0.5246798568597877	0.5246798568597877
exclude_mecom	strict	ENSG00000164683	HEY1	-0.3253442631070507	0	-0.04621810609635636	76.0	18.0	0.48257327063555444	0.5174267293644456
exclude_mecom	strict	ENSG00000173110	HSPA6	-0.18727718147354921	0	-0.03958619712712664	27.0	6.0	0.48853991068523944	0.5114600893147605
exclude_mecom	strict	ENSG00000090339	ICAM1	0.27920219880861685	1	0.100592699112041	1000.0	73.0	0.5900541211959897	0.5900541211959897
exclude_mecom	strict	ENSG00000131203	IDO1	-0.02221067292620068	0	-0.023322737449629705	33.0	5.0	0.4973456954425813	0.5026543045574188
exclude_mecom	strict	ENSG00000137959	IFI44L	-0.9041434654916018	0	-0.1635794768796901	5584.0	511.0	0.37610534409842367	0.6238946559015763
exclude_mecom	strict	ENSG00000185811	IKZF1	-0.17477714939535993	0	-0.028333123911852436	27.0	4.0	0.49934936267116203	0.500650637328838
exclude_mecom	strict	ENSG00000100385	IL2RB	-0.22588209509566898	0	-0.01961818639249703	29.0	4.0	0.5002218081802857	0.4997781918197143
exclude_mecom	strict	ENSG00000122641	INHBA	-0.19152927528686636	0	-0.005948102418053915	53.0	6.0	0.5045100996658091	0.49548990033419094
exclude_mecom	strict	ENSG00000005844	ITGAL	-0.5752526211754881	0	-0.0022369082130868946	34.0	3.0	0.509205039481856	0.490794960518144
exclude_mecom	strict	ENSG00000169896	ITGAM	-0.296642266441369	0	0.00570904852256357	140.0	12.0	0.5324801111998344	0.4675198888001656
exclude_mecom	strict	ENSG00000076706	MCAM	-0.51833119835155	0	-0.05316586226791287	959.0	101.0	0.5203472037382072	0.4796527962617928
exclude_mecom	strict	ENSG00000099953	MMP11	-0.4689042689927968	0	-0.21935966114886785	1147.0	166.0	0.4656567000857658	0.5343432999142341
exclude_mecom	strict	ENSG00000181143	MUC16	1.160205040563885	1	0.32647614804970004	35716.0	1952.0	0.6306154437642327	0.6306154437642327
exclude_mecom	strict	ENSG00000117983	MUC5B	0.7969099307870463	1	0.3175551013532738	4496.0	331.0	0.602216603081655	0.602216603081655
exclude_mecom	strict	ENSG00000157601	MX1	-0.9359838268924137	0	-0.14062751677358998	4042.0	372.0	0.40502913080767755	0.5949708691923224
exclude_mecom	strict	ENSG00000149294	NCAM1	0.6868908758166763	1	0.33274935456395893	2877.0	173.0	0.6213512554343005	0.6213512554343005
exclude_mecom	strict	ENSG00000104419	NDRG1	0.3770080028033298	1	-0.026194116188303203	58.0	6.0	0.5111791322863987	0.5111791322863987
exclude_mecom	strict	ENSG00000074181	NOTCH3	0.545997080389387	1	0.1253377531379396	15504.0	1047.0	0.5321547925354153	0.5321547925354153
exclude_mecom	strict	ENSG00000122133	PAEP	0.11013997127080814	1	0.033769414146544885	284.0	22.0	0.552760772483956	0.552760772483956
exclude_mecom	strict	ENSG00000185920	PTCH1	-0.8443879311784701	0	-0.11445618414843384	694.0	115.0	0.4954455386981339	0.5045544613018661
exclude_mecom	strict	ENSG00000095303	PTGS1	0.6925437683334089	1	0.3399564677150648	2496.0	148.0	0.6475320143140212	0.6475320143140212
exclude_mecom	strict	ENSG00000143248	RGS5	-0.4985556874784564	0	-0.27549829732031017	1402.0	214.0	0.4507585839765771	0.5492414160234229
exclude_mecom	strict	ENSG00000124935	SCGB1D2	0.14059315061604755	1	0.07929586776637332	3253.0	249.0	0.517700292786798	0.517700292786798
exclude_mecom	strict	ENSG00000196136	SERPINA3	0.18773661668572383	1	0.04658985845183011	565.0	49.0	0.5580619879927838	0.5580619879927838
exclude_mecom	strict	ENSG00000117394	SLC2A1	0.8539376233038483	1	0.2638007404832714	12957.0	839.0	0.5989190548014077	0.5989190548014077
exclude_mecom	strict	ENSG00000125398	SOX9	0.48215054771722876	1	0.32679884621503563	2710.0	162.0	0.6203605122290243	0.6203605122290243
exclude_mecom	strict	ENSG00000105825	TFPI2	0.18709147246109054	1	0.09174121978941457	966.0	79.0	0.5742761659716676	0.5742761659716676
exclude_mecom	strict	ENSG00000181847	TIGIT	0.0026970343981272543	1	-0.02025934200916997	143.0	18.0	0.5077780735220182	0.5077780735220182
exclude_mecom	strict	ENSG00000078900	TP73	0.017129963640476954	1	0.07235531872873915	360.0	24.0	0.587895188241209	0.587895188241209
exclude_mecom	strict	ENSG00000159713	TPPP3	0.07210002236097895	1	0.138132073535071	767.0	55.0	0.6235249756011002	0.6235249756011002
exclude_mecom	strict	ENSG00000176890	TYMS	0.5229683557202657	1	0.33747341739996317	5427.0	318.0	0.6213290746162718	0.6213290746162718
exclude_mecom	strict	ENSG00000112715	VEGFA	0.09499428139612309	1	0.33053569930365234	7075.0	491.0	0.5754443557211724	0.5754443557211724
exclude_mecom	strict	ENSG00000114251	WNT5A	-0.7850381372746862	0	-0.22411185913546594	946.0	159.0	0.44528731552953005	0.55471268447047
exclude_mecom	hard	ENSG00000106624	AEBP1	-1.2186754406261064	0	-0.5378267848143122	2382.0	476.0	0.3556398426640641	0.6443601573359359
exclude_mecom	hard	ENSG00000178999	AURKB	0.4900154039063297	1	0.28169474812663897	2182.0	131.0	0.6503489782036496	0.6503489782036496
exclude_mecom	hard	ENSG00000168646	AXIN2	-0.3677540769785353	0	0.0197183351079393	859.0	68.0	0.5544465146541271	0.4455534853458729
exclude_mecom	hard	ENSG00000125378	BMP4	-0.0804366126166006	0	-0.004692120028113325	202.0	19.0	0.5365761689291101	0.4634238310708899
exclude_mecom	hard	ENSG00000101144	BMP7	0.9155901577807033	1	0.2697200037225853	6591.0	438.0	0.5833111525153047	0.5833111525153047
exclude_mecom	hard	ENSG00000150636	CCDC102B	-0.22139252491146047	0	-0.013990645154827522	118.0	11.0	0.5263360246059207	0.47366397539407934
exclude_mecom	hard	ENSG00000091986	CCDC80	-0.25386275961685006	0	0.07087427922528605	996.0	61.0	0.595614112915151	0.404385887084849
exclude_mecom	hard	ENSG00000105383	CD33	-0.06511818483336172	0	-0.015527577420983128	23.0	5.0	0.4915047466950581	0.5084952533049418
exclude_mecom	hard	ENSG00000004468	CD38	-0.13197857295373824	0	-0.0481663147482829	78.0	10.0	0.5115044509508179	0.48849554904918213
exclude_mecom	hard	ENSG00000153283	CD96	-0.10597192476309936	0	0.0178518121779086	262.0	19.0	0.5642652234347735	0.4357347765652265
exclude_mecom	hard	ENSG00000054938	CHRDL2	-0.008357823415277181	0	0.002971874456333441	13.0	1.0	0.504820631118209	0.49517936888179104
exclude_mecom	hard	ENSG00000163507	CIP2A	0.3712897378497174	1	0.1912690566914081	1456.0	89.0	0.652574453612516	0.652574453612516
exclude_mecom	hard	ENSG00000163347	CLDN1	0.2141648325447616	1	-0.01565401653159948	6684.0	581.0	0.4539895898027386	0.4539895898027386
exclude_mecom	hard	ENSG00000060718	COL11A1	-0.24833468875789252	0	-0.0025771839725475254	225.0	24.0	0.5298997427025108	0.47010025729748917
exclude_mecom	hard	ENSG00000168036	CTNNB1	-0.03934417593776596	0	0.0727817165212743	26014.0	1833.0	0.5157040191642267	0.4842959808357733
exclude_mecom	hard	ENSG00000107201	DDX58	-0.3258835016415551	0	-0.012839078307904317	2400.0	194.0	0.48564901073551586	0.5143509892644842
exclude_mecom	hard	ENSG00000050165	DKK3	-0.5509547832712293	0	-0.17849345307645004	954.0	128.0	0.4688285570638512	0.5311714429361488
exclude_mecom	hard	ENSG00000118997	DNAH7	0.39224726179820735	1	0.11295362316213364	832.0	65.0	0.6097802620293968	0.6097802620293968
exclude_mecom	hard	ENSG00000142627	EPHA2	-0.06737766034129933	0	0.0444785993600707	1139.0	93.0	0.5497959364741372	0.45020406352586284
exclude_mecom	hard	ENSG00000078098	FAP	-0.13797264467822531	0	-0.02229492072446422	37.0	4.0	0.5061071185638659	0.4938928814361341
exclude_mecom	hard	ENSG00000162747	FCGR3B	-0.13510565152676066	0	0.000894114599578013	2.0	0.0	0.5015082956259427	0.4984917043740573
exclude_mecom	hard	ENSG00000169919	GUSB	0.3832164196325838	1	0.10351802581285252	3799.0	289.0	0.5084287108508562	0.5084287108508562
exclude_mecom	hard	ENSG00000164683	HEY1	-0.3253442631070507	0	-0.03518338228268406	88.0	18.0	0.49089847100227724	0.5091015289977228
exclude_mecom	hard	ENSG00000173110	HSPA6	-0.18727718147354921	0	-0.03180403659732306	33.0	6.0	0.49281341495874376	0.5071865850412562
exclude_mecom	hard	ENSG00000090339	ICAM1	0.27920219880861685	1	0.07673986392913801	1234.0	86.0	0.5735441989767249	0.5735441989767249
exclude_mecom	hard	ENSG00000131203	IDO1	-0.02221067292620068	0	-0.02373999350892972	38.0	6.0	0.5002439889983142	0.49975601100168576
exclude_mecom	hard	ENSG00000137959	IFI44L	-0.9041434654916018	0	-0.14574936129164007	6925.0	614.0	0.380378848371928	0.6196211516280721
exclude_mecom	hard	ENSG00000185811	IKZF1	-0.17477714939535993	0	-0.021773125148503623	34.0	4.0	0.5044509508177328	0.49554904918226717
exclude_mecom	hard	ENSG00000100385	IL2RB	-0.22588209509566898	0	-0.015744819502084458	33.0	4.0	0.5024398899831426	0.4975601100168574
exclude_mecom	hard	ENSG00000122641	INHBA	-0.19152927528686636	0	0.001189998692717631	65.0	6.0	0.5104397716854464	0.4895602283145536
exclude_mecom	hard	ENSG00000005844	ITGAL	-0.5752526211754881	0	-0.008335747243581913	44.0	5.0	0.5065137668943896	0.49348623310561035
exclude_mecom	hard	ENSG00000169896	ITGAM	-0.296642266441369	0	-0.02735636032933693	173.0	15.0	0.530579954455387	0.46942004554461303
exclude_mecom	hard	ENSG00000076706	MCAM	-0.51833119835155	0	-0.088019184676706	1171.0	128.0	0.5136412030875699	0.4863587969124301
exclude_mecom	hard	ENSG00000099953	MMP11	-0.4689042689927968	0	-0.21762599002959426	1426.0	194.0	0.4522964540265578	0.5477035459734422
exclude_mecom	hard	ENSG00000181143	MUC16	1.160205040563885	1	0.3170544687752965	43964.0	2448.0	0.6488258953656878	0.6488258953656878
exclude_mecom	hard	ENSG00000117983	MUC5B	0.7969099307870463	1	0.2731059627451966	5526.0	403.0	0.5933220950521988	0.5933220950521988
exclude_mecom	hard	ENSG00000157601	MX1	-0.9359838268924137	0	-0.1297631536553452	4921.0	440.0	0.3974728654659451	0.6025271345340548
exclude_mecom	hard	ENSG00000149294	NCAM1	0.6868908758166763	1	0.26777728045569904	3539.0	224.0	0.5939061899269512	0.5939061899269512
exclude_mecom	hard	ENSG00000104419	NDRG1	0.3770080028033298	1	-0.015289223028002924	72.0	6.0	0.5199035873776359	0.5199035873776359
exclude_mecom	hard	ENSG00000074181	NOTCH3	0.545997080389387	1	0.06358462450067526	19001.0	1303.0	0.48524975601100173	0.48524975601100173
exclude_mecom	hard	ENSG00000122133	PAEP	0.11013997127080814	1	0.037479532260694004	348.0	24.0	0.5695146837015349	0.5695146837015349
exclude_mecom	hard	ENSG00000185920	PTCH1	-0.8443879311784701	0	-0.11580583134400702	850.0	134.0	0.5004584035725904	0.4995415964274096
exclude_mecom	hard	ENSG00000095303	PTGS1	0.6925437683334089	1	0.358450287190464	3079.0	175.0	0.6555984384704108	0.6555984384704108
exclude_mecom	hard	ENSG00000143248	RGS5	-0.4985556874784564	0	-0.281356369702247	1732.0	249.0	0.436407594712093	0.563592405287907
exclude_mecom	hard	ENSG00000124935	SCGB1D2	0.14059315061604755	1	0.06966779586920291	3972.0	305.0	0.5128870552745985	0.5128870552745985
exclude_mecom	hard	ENSG00000196136	SERPINA3	0.18773661668572383	1	0.05874299941333988	702.0	56.0	0.562446396356431	0.562446396356431
exclude_mecom	hard	ENSG00000117394	SLC2A1	0.8539376233038483	1	0.22207317344723876	15893.0	1049.0	0.5932037973560466	0.5932037973560466
exclude_mecom	hard	ENSG00000125398	SOX9	0.48215054771722876	1	0.3094562499325858	3304.0	201.0	0.6161757312276342	0.6161757312276342
exclude_mecom	hard	ENSG00000105825	TFPI2	0.18709147246109054	1	0.07041954771894365	1189.0	100.0	0.5659287847869163	0.5659287847869163
exclude_mecom	hard	ENSG00000181847	TIGIT	0.0026970343981272543	1	-0.02561394132241493	178.0	21.0	0.5142770532043888	0.5142770532043888
exclude_mecom	hard	ENSG00000078900	TP73	0.017129963640476954	1	0.06882324321557343	443.0	30.0	0.5999393724307218	0.5999393724307218
exclude_mecom	hard	ENSG00000159713	TPPP3	0.07210002236097895	1	0.14484393128462453	953.0	63.0	0.6292772010765091	0.6292772010765091
exclude_mecom	hard	ENSG00000176890	TYMS	0.5229683557202657	1	0.3031209027077981	6675.0	406.0	0.6126489811610919	0.6126489811610919
exclude_mecom	hard	ENSG00000112715	VEGFA	0.09499428139612309	1	0.22800203905728766	8702.0	627.0	0.5485316298465087	0.5485316298465087
exclude_mecom	hard	ENSG00000114251	WNT5A	-0.7850381372746862	0	-0.24612512466156355	1121.0	197.0	0.4406293437435306	0.5593706562564694
label_leakage_controlled	xenium	ENSG00000106624	AEBP1	-1.2186754406261064	0	-1.2186754406261064	9932.0	4314.0	0.17414160234229437	0.8258583976577056
label_leakage_controlled	xenium	ENSG00000178999	AURKB	0.4900154039063297	1	0.4900154039063297	28972.0	472.0	0.7968976429184041	0.7968976429184041
label_leakage_controlled	xenium	ENSG00000168646	AXIN2	-0.3677540769785353	0	-0.3677540769785353	6795.0	660.0	0.25924200751190374	0.7407579924880963
label_leakage_controlled	xenium	ENSG00000125378	BMP4	-0.0804366126166006	0	-0.0804366126166006	1503.0	105.0	0.515792742436341	0.484207257563659
label_leakage_controlled	xenium	ENSG00000101144	BMP7	0.9155901577807033	1	0.9155901577807033	71825.0	776.0	0.8885192085884127	0.8885192085884127
label_leakage_controlled	xenium	ENSG00000150636	CCDC102B	-0.22139252491146047	0	-0.22139252491146047	234.0	135.0	0.32054239493685854	0.6794576050631415
label_leakage_controlled	xenium	ENSG00000091986	CCDC80	-0.25386275961685006	0	-0.25386275961685006	5143.0	504.0	0.3825377813267087	0.6174622186732913
label_leakage_controlled	xenium	ENSG00000105383	CD33	-0.06511818483336172	0	-0.06511818483336172	298.0	50.0	0.49905361843078105	0.500946381569219
label_leakage_controlled	xenium	ENSG00000004468	CD38	-0.13197857295373824	0	-0.13197857295373824	909.0	191.0	0.5152456155916363	0.4847543844083637
label_leakage_controlled	xenium	ENSG00000153283	CD96	-0.10597192476309936	0	-0.10597192476309936	762.0	65.0	0.6233697098749001	0.37663029012509985
label_leakage_controlled	xenium	ENSG00000054938	CHRDL2	-0.008357823415277181	0	-0.008357823415277181	66.0	7.0	0.5078224351580752	0.49217756484192476
label_leakage_controlled	xenium	ENSG00000163507	CIP2A	0.3712897378497174	1	0.3712897378497174	20403.0	444.0	0.7547762694821518	0.7547762694821518
label_leakage_controlled	xenium	ENSG00000163347	CLDN1	0.2141648325447616	1	0.2141648325447616	46073.0	2041.0	0.5574778931180315	0.5574778931180315
label_leakage_controlled	xenium	ENSG00000060718	COL11A1	-0.24833468875789252	0	-0.24833468875789252	474.0	204.0	0.3186200573743826	0.6813799426256174
label_leakage_controlled	xenium	ENSG00000168036	CTNNB1	-0.03934417593776596	0	-0.03934417593776596	138726.0	6103.0	0.39413834915565016	0.6058616508443498
label_leakage_controlled	xenium	ENSG00000107201	DDX58	-0.3258835016415551	0	-0.3258835016415551	36473.0	2133.0	0.24736048265460034	0.7526395173453997
label_leakage_controlled	xenium	ENSG00000050165	DKK3	-0.5509547832712293	0	-0.5509547832712293	1420.0	807.0	0.31002868719131693	0.6899713128086831
label_leakage_controlled	xenium	ENSG00000118997	DNAH7	0.39224726179820735	1	0.39224726179820735	9794.0	119.0	0.8799943808594328	0.8799943808594328
label_leakage_controlled	xenium	ENSG00000142627	EPHA2	-0.06737766034129933	0	-0.06737766034129933	11144.0	454.0	0.47276195546091737	0.5272380445390826
label_leakage_controlled	xenium	ENSG00000078098	FAP	-0.13797264467822531	0	-0.13797264467822531	252.0	78.0	0.3810368793067755	0.6189631206932245
label_leakage_controlled	xenium	ENSG00000162747	FCGR3B	-0.13510565152676066	0	-0.13510565152676066	381.0	49.0	0.464569840002366	0.535430159997634
label_leakage_controlled	xenium	ENSG00000169919	GUSB	0.3832164196325838	1	0.3832164196325838	141986.0	3595.0	0.8317067400112382	0.8317067400112382
label_leakage_controlled	xenium	ENSG00000164683	HEY1	-0.3253442631070507	0	-0.3253442631070507	551.0	262.0	0.3355070535001331	0.6644929464998669
label_leakage_controlled	xenium	ENSG00000173110	HSPA6	-0.18727718147354921	0	-0.18727718147354921	665.0	84.0	0.42187915890338035	0.5781208410966197
label_leakage_controlled	xenium	ENSG00000090339	ICAM1	0.27920219880861685	1	0.27920219880861685	25376.0	502.0	0.6528849850649158	0.6528849850649158
label_leakage_controlled	xenium	ENSG00000131203	IDO1	-0.02221067292620068	0	-0.02221067292620068	297.0	29.0	0.5191568331706741	0.48084316682932593
label_leakage_controlled	xenium	ENSG00000137959	IFI44L	-0.9041434654916018	0	-0.9041434654916018	37905.0	4140.0	0.09045337592050395	0.909546624079496
label_leakage_controlled	xenium	ENSG00000185811	IKZF1	-0.17477714939535993	0	-0.17477714939535993	509.0	134.0	0.4104338568006388	0.5895661431993612
label_leakage_controlled	xenium	ENSG00000100385	IL2RB	-0.22588209509566898	0	-0.22588209509566898	245.0	129.0	0.415979061307781	0.584020938692219
label_leakage_controlled	xenium	ENSG00000122641	INHBA	-0.19152927528686636	0	-0.19152927528686636	451.0	153.0	0.3787744358678615	0.6212255641321385
label_leakage_controlled	xenium	ENSG00000005844	ITGAL	-0.5752526211754881	0	-0.5752526211754881	1385.0	387.0	0.31952207730754445	0.6804779226924556
label_leakage_controlled	xenium	ENSG00000169896	ITGAM	-0.296642266441369	0	-0.296642266441369	1674.0	253.0	0.3857761807588797	0.6142238192411202
label_leakage_controlled	xenium	ENSG00000076706	MCAM	-0.51833119835155	0	-0.51833119835155	24005.0	2833.0	0.28001804039866324	0.7199819596013368
label_leakage_controlled	xenium	ENSG00000099953	MMP11	-0.4689042689927968	0	-0.4689042689927968	3766.0	782.0	0.36868955727087216	0.6313104427291278
label_leakage_controlled	xenium	ENSG00000117983	MUC5B	0.7969099307870463	1	0.7969099307870463	56517.0	868.0	0.8231153698281726	0.8231153698281726
label_leakage_controlled	xenium	ENSG00000157601	MX1	-0.9359838268924137	0	-0.9359838268924137	79518.0	7229.0	0.11236802413273	0.8876319758672699
label_leakage_controlled	xenium	ENSG00000149294	NCAM1	0.6868908758166763	1	0.6868908758166763	61816.0	1129.0	0.8463312926980747	0.8463312926980747
label_leakage_controlled	xenium	ENSG00000104419	NDRG1	0.3770080028033298	1	0.3770080028033298	77466.0	1833.0	0.7299263596841451	0.7299263596841451
label_leakage_controlled	xenium	ENSG00000074181	NOTCH3	0.545997080389387	1	0.545997080389387	155647.0	3183.0	0.8471889509951793	0.8471889509951793
label_leakage_controlled	xenium	ENSG00000122133	PAEP	0.11013997127080814	1	0.11013997127080814	2459.0	36.0	0.7869680300476148	0.7869680300476148
label_leakage_controlled	xenium	ENSG00000185920	PTCH1	-0.8443879311784701	0	-0.8443879311784701	10678.0	3239.0	0.16366486262680033	0.8363351373731996
label_leakage_controlled	xenium	ENSG00000095303	PTGS1	0.6925437683334089	1	0.6925437683334089	53530.0	642.0	0.842856297873599	0.842856297873599
label_leakage_controlled	xenium	ENSG00000143248	RGS5	-0.4985556874784564	0	-0.4985556874784564	1081.0	543.0	0.28913435660840503	0.710865643391595
label_leakage_controlled	xenium	ENSG00000124935	SCGB1D2	0.14059315061604755	1	0.14059315061604755	6109.0	123.0	0.7159080826900897	0.7159080826900897
label_leakage_controlled	xenium	ENSG00000196136	SERPINA3	0.18773661668572383	1	0.18773661668572383	7503.0	122.0	0.7064220861798717	0.7064220861798717
label_leakage_controlled	xenium	ENSG00000117394	SLC2A1	0.8539376233038483	1	0.8539376233038483	134863.0	1569.0	0.8235441989767249	0.8235441989767249
label_leakage_controlled	xenium	ENSG00000125398	SOX9	0.48215054771722876	1	0.48215054771722876	20531.0	290.0	0.8394774199272468	0.8394774199272468
label_leakage_controlled	xenium	ENSG00000105825	TFPI2	0.18709147246109054	1	0.18709147246109054	4571.0	89.0	0.8051045455889747	0.8051045455889747
label_leakage_controlled	xenium	ENSG00000181847	TIGIT	0.0026970343981272543	1	0.0026970343981272543	1568.0	73.0	0.6705113417916186	0.6705113417916186
label_leakage_controlled	xenium	ENSG00000078900	TP73	0.017129963640476954	1	0.017129963640476954	752.0	20.0	0.7024369325407389	0.7024369325407389
label_leakage_controlled	xenium	ENSG00000159713	TPPP3	0.07210002236097895	1	0.07210002236097895	4860.0	165.0	0.6289740632301186	0.6289740632301186
label_leakage_controlled	xenium	ENSG00000176890	TYMS	0.5229683557202657	1	0.5229683557202657	43165.0	897.0	0.7864430840209388	0.7864430840209388
label_leakage_controlled	xenium	ENSG00000112715	VEGFA	0.09499428139612309	1	0.09499428139612309	36951.0	1051.0	0.5501286487445657	0.5501286487445657
label_leakage_controlled	xenium	ENSG00000114251	WNT5A	-0.7850381372746862	0	-0.7850381372746862	5003.0	1344.0	0.17581995090645608	0.8241800490935439
label_leakage_controlled	space_ranger	ENSG00000106624	AEBP1	-1.2186754406261064	0	-0.5746857070158565	2177.0	451.0	0.35036820157927423	0.6496317984207258
label_leakage_controlled	space_ranger	ENSG00000178999	AURKB	0.4900154039063297	1	0.29884762734743797	2047.0	123.0	0.6591695501730104	0.6591695501730104
label_leakage_controlled	space_ranger	ENSG00000168646	AXIN2	-0.3677540769785353	0	0.0642537756655211	801.0	61.0	0.584996894685476	0.415003105314524
label_leakage_controlled	space_ranger	ENSG00000125378	BMP4	-0.0804366126166006	0	-0.012329091213337973	187.0	19.0	0.5295522432200632	0.4704477567799368
label_leakage_controlled	space_ranger	ENSG00000101144	BMP7	0.9155901577807033	1	0.2958441009543935	6130.0	413.0	0.5856253511962856	0.5856253511962856
label_leakage_controlled	space_ranger	ENSG00000150636	CCDC102B	-0.22139252491146047	0	-0.029476869830164176	90.0	10.0	0.5192899180788454	0.4807100819211546
label_leakage_controlled	space_ranger	ENSG00000091986	CCDC80	-0.25386275961685006	0	0.10444160679872261	947.0	53.0	0.6120427054683109	0.38795729453168915
label_leakage_controlled	space_ranger	ENSG00000105383	CD33	-0.06511818483336172	0	-0.017505728576063306	21.0	5.0	0.4907579924880962	0.5092420075119037
label_leakage_controlled	space_ranger	ENSG00000004468	CD38	-0.13197857295373824	0	-0.05691038156422913	69.0	10.0	0.505796587111466	0.494203412888534
label_leakage_controlled	space_ranger	ENSG00000153283	CD96	-0.10597192476309936	0	0.032293480292380536	227.0	16.0	0.5654851684263449	0.4345148315736551
label_leakage_controlled	space_ranger	ENSG00000054938	CHRDL2	-0.008357823415277181	0	0.003045926275285879	13.0	1.0	0.504820631118209	0.49517936888179104
label_leakage_controlled	space_ranger	ENSG00000163507	CIP2A	0.3712897378497174	1	0.1863615485658317	1357.0	83.0	0.6493434477863543	0.6493434477863543
label_leakage_controlled	space_ranger	ENSG00000163347	CLDN1	0.2141648325447616	1	0.018410332016666864	6234.0	536.0	0.46854760003548934	0.46854760003548934
label_leakage_controlled	space_ranger	ENSG00000060718	COL11A1	-0.24833468875789252	0	0.028492189586537514	207.0	16.0	0.5503060952887943	0.44969390471120574
label_leakage_controlled	space_ranger	ENSG00000168036	CTNNB1	-0.03934417593776596	0	0.04678415565295735	24223.0	1674.0	0.5122364179457606	0.4877635820542394
label_leakage_controlled	space_ranger	ENSG00000107201	DDX58	-0.3258835016415551	0	-0.036031508957525604	2215.0	184.0	0.47601514210510754	0.5239848578948925
label_leakage_controlled	space_ranger	ENSG00000050165	DKK3	-0.5509547832712293	0	-0.11798256883835184	896.0	112.0	0.4992458521870286	0.5007541478129713
label_leakage_controlled	space_ranger	ENSG00000118997	DNAH7	0.39224726179820735	1	0.10472539320938995	779.0	62.0	0.6022387838996835	0.6022387838996835
label_leakage_controlled	space_ranger	ENSG00000142627	EPHA2	-0.06737766034129933	0	0.03688061475694748	1063.0	89.0	0.5477774820335375	0.4522225179664625
label_leakage_controlled	space_ranger	ENSG00000078098	FAP	-0.13797264467822531	0	-0.026451244723365294	33.0	4.0	0.5031348889480377	0.4968651110519623
label_leakage_controlled	space_ranger	ENSG00000162747	FCGR3B	-0.13510565152676066	0	0.0009486167823053465	2.0	0.0	0.5015082956259427	0.4984917043740573
label_leakage_controlled	space_ranger	ENSG00000169919	GUSB	0.3832164196325838	1	0.11025719579373239	3565.0	262.0	0.5211013515511785	0.5211013515511785
label_leakage_controlled	space_ranger	ENSG00000164683	HEY1	-0.3253442631070507	0	-0.031872828277606624	85.0	16.0	0.494188625676515	0.505811374323485
label_leakage_controlled	space_ranger	ENSG00000173110	HSPA6	-0.18727718147354921	0	-0.035252285252794405	30.0	6.0	0.490654482003963	0.509345517996037
label_leakage_controlled	space_ranger	ENSG00000090339	ICAM1	0.27920219880861685	1	0.0684884615111126	1164.0	81.0	0.5733741460385058	0.5733741460385058
label_leakage_controlled	space_ranger	ENSG00000131203	IDO1	-0.02221067292620068	0	-0.021431464104306932	36.0	5.0	0.5045100996658091	0.49548990033419094
label_leakage_controlled	space_ranger	ENSG00000137959	IFI44L	-0.9041434654916018	0	-0.1178312741534655	6469.0	568.0	0.38891846331292695	0.611081536687073
label_leakage_controlled	space_ranger	ENSG00000185811	IKZF1	-0.17477714939535993	0	-0.014816319345172253	25.0	3.0	0.5029796232218378	0.49702037677816224
label_leakage_controlled	space_ranger	ENSG00000100385	IL2RB	-0.22588209509566898	0	-0.019004869508607494	29.0	4.0	0.4994972347913525	0.5005027652086476
label_leakage_controlled	space_ranger	ENSG00000122641	INHBA	-0.19152927528686636	0	-0.0075800764652888195	63.0	7.0	0.5045988229379232	0.49540117706207676
label_leakage_controlled	space_ranger	ENSG00000005844	ITGAL	-0.5752526211754881	0	-0.001277592955544294	38.0	3.0	0.5121772690976844	0.48782273090231565
label_leakage_controlled	space_ranger	ENSG00000169896	ITGAM	-0.296642266441369	0	-0.01514601079113459	163.0	12.0	0.5415816401975572	0.45841835980244283
label_leakage_controlled	space_ranger	ENSG00000076706	MCAM	-0.51833119835155	0	-0.10295872620410051	1078.0	123.0	0.5136042350575223	0.4863957649424777
label_leakage_controlled	space_ranger	ENSG00000099953	MMP11	-0.4689042689927968	0	-0.2332006150217335	1336.0	182.0	0.4504554461301866	0.5495445538698134
label_leakage_controlled	space_ranger	ENSG00000117983	MUC5B	0.7969099307870463	1	0.28752488245618557	5120.0	365.0	0.5934182119303226	0.5934182119303226
label_leakage_controlled	space_ranger	ENSG00000157601	MX1	-0.9359838268924137	0	-0.191522829082434	4538.0	423.0	0.3712329577381481	0.6287670422618519
label_leakage_controlled	space_ranger	ENSG00000149294	NCAM1	0.6868908758166763	1	0.26944191322427125	3329.0	210.0	0.5902167805281993	0.5902167805281993
label_leakage_controlled	space_ranger	ENSG00000104419	NDRG1	0.3770080028033298	1	-0.014440571090655475	72.0	6.0	0.5212787980954071	0.5212787980954071
label_leakage_controlled	space_ranger	ENSG00000074181	NOTCH3	0.545997080389387	1	0.09070447053438624	17738.0	1203.0	0.5100553041729512	0.5100553041729512
label_leakage_controlled	space_ranger	ENSG00000122133	PAEP	0.11013997127080814	1	0.030643405788159606	330.0	23.0	0.5617587909975452	0.5617587909975452
label_leakage_controlled	space_ranger	ENSG00000185920	PTCH1	-0.8443879311784701	0	-0.12101236511769031	783.0	127.0	0.5064546180463135	0.49354538195368647
label_leakage_controlled	space_ranger	ENSG00000095303	PTGS1	0.6925437683334089	1	0.3844333470814473	2860.0	162.0	0.6685446425930854	0.6685446425930854
label_leakage_controlled	space_ranger	ENSG00000143248	RGS5	-0.4985556874784564	0	-0.2919429713884637	1619.0	234.0	0.4363336586519978	0.5636663413480022
label_leakage_controlled	space_ranger	ENSG00000124935	SCGB1D2	0.14059315061604755	1	0.08663617984197058	3692.0	288.0	0.5176781119687694	0.5176781119687694
label_leakage_controlled	space_ranger	ENSG00000196136	SERPINA3	0.18773661668572383	1	0.05659229450966041	655.0	52.0	0.5616774613314406	0.5616774613314406
label_leakage_controlled	space_ranger	ENSG00000117394	SLC2A1	0.8539376233038483	1	0.21730987715349093	14912.0	967.0	0.5916363528820276	0.5916363528820276
label_leakage_controlled	space_ranger	ENSG00000125398	SOX9	0.48215054771722876	1	0.2966174754009908	3100.0	192.0	0.610600952296454	0.610600952296454
label_leakage_controlled	space_ranger	ENSG00000105825	TFPI2	0.18709147246109054	1	0.059707356400474976	1103.0	97.0	0.5609972495785646	0.5609972495785646
label_leakage_controlled	space_ranger	ENSG00000181847	TIGIT	0.0026970343981272543	1	-0.025417282916945005	162.0	20.0	0.5127983320024843	0.5127983320024843
label_leakage_controlled	space_ranger	ENSG00000078900	TP73	0.017129963640476954	1	0.07537274123453311	411.0	28.0	0.5965826753023986	0.5965826753023986
label_leakage_controlled	space_ranger	ENSG00000159713	TPPP3	0.07210002236097895	1	0.15824174787819772	892.0	58.0	0.6359832017271463	0.6359832017271463
label_leakage_controlled	space_ranger	ENSG00000176890	TYMS	0.5229683557202657	1	0.319530738615585	6223.0	380.0	0.6089447845503209	0.6089447845503209
label_leakage_controlled	space_ranger	ENSG00000112715	VEGFA	0.09499428139612309	1	0.2917002876135226	8154.0	575.0	0.569048886522935	0.569048886522935
label_leakage_controlled	space_ranger	ENSG00000114251	WNT5A	-0.7850381372746862	0	-0.26229373725949257	1034.0	189.0	0.4350397776003312	0.5649602223996688
label_leakage_controlled	strict	ENSG00000106624	AEBP1	-1.2186754406261064	0	-0.487663433915171	1939.0	388.0	0.3737467837813858	0.6262532162186142
label_leakage_controlled	strict	ENSG00000178999	AURKB	0.4900154039063297	1	0.26176780713070724	1783.0	106.0	0.6361162866353178	0.6361162866353178
label_leakage_controlled	strict	ENSG00000168646	AXIN2	-0.3677540769785353	0	0.07202427146919704	721.0	53.0	0.5782539260047911	0.4217460739952089
label_leakage_controlled	strict	ENSG00000125378	BMP4	-0.0804366126166006	0	-0.016674368986579063	161.0	17.0	0.5245763463756543	0.4754236536243457
label_leakage_controlled	strict	ENSG00000101144	BMP7	0.9155901577807033	1	0.3077077150268528	5417.0	356.0	0.5995253304941887	0.5995253304941887
label_leakage_controlled	strict	ENSG00000150636	CCDC102B	-0.22139252491146047	0	-0.0028154611713750305	93.0	7.0	0.5265282583621684	0.47347174163783157
label_leakage_controlled	strict	ENSG00000091986	CCDC80	-0.25386275961685006	0	0.09604152550250528	809.0	50.0	0.6003164463372077	0.3996835536627923
label_leakage_controlled	strict	ENSG00000105383	CD33	-0.06511818483336172	0	-0.016459647088744943	17.0	4.0	0.49279862774672456	0.5072013722532754
label_leakage_controlled	strict	ENSG00000004468	CD38	-0.13197857295373824	0	-0.04710333567106594	58.0	7.0	0.5083695620027799	0.49163043799722006
label_leakage_controlled	strict	ENSG00000153283	CD96	-0.10597192476309936	0	0.020766244960089414	226.0	17.0	0.556368852216603	0.44363114778339696
label_leakage_controlled	strict	ENSG00000054938	CHRDL2	-0.008357823415277181	0	-0.0005354611814212141	10.0	1.0	0.5025655812853045	0.4974344187146955
label_leakage_controlled	strict	ENSG00000163507	CIP2A	0.3712897378497174	1	0.24504042134453408	1168.0	67.0	0.6726407003223612	0.6726407003223612
label_leakage_controlled	strict	ENSG00000163347	CLDN1	0.2141648325447616	1	0.009167684255663389	5432.0	471.0	0.4671354212876704	0.4671354212876704
label_leakage_controlled	strict	ENSG00000060718	COL11A1	-0.24833468875789252	0	-0.013519602959259497	180.0	22.0	0.5223434773607785	0.47765652263922154
label_leakage_controlled	strict	ENSG00000168036	CTNNB1	-0.03934417593776596	0	0.15406601831074207	21175.0	1456.0	0.5535666755389939	0.44643332446100614
label_leakage_controlled	strict	ENSG00000107201	DDX58	-0.3258835016415551	0	-0.01172087113604603	1947.0	158.0	0.49245852187028655	0.5075414781297134
label_leakage_controlled	strict	ENSG00000050165	DKK3	-0.5509547832712293	0	-0.16397707882454043	776.0	105.0	0.47728684233874547	0.5227131576612545
label_leakage_controlled	strict	ENSG00000118997	DNAH7	0.39224726179820735	1	0.10053832221883519	677.0	55.0	0.5985345872889126	0.5985345872889126
label_leakage_controlled	strict	ENSG00000142627	EPHA2	-0.06737766034129933	0	0.050168517434367066	929.0	78.0	0.5556294916156508	0.4443705083843492
label_leakage_controlled	strict	ENSG00000078098	FAP	-0.13797264467822531	0	0.01566401321746096	29.0	1.0	0.5154082749238459	0.4845917250761541
label_leakage_controlled	strict	ENSG00000162747	FCGR3B	-0.13510565152676066	0	0.0010702383265025284	2.0	0.0	0.5015082956259427	0.4984917043740573
label_leakage_controlled	strict	ENSG00000169919	GUSB	0.3832164196325838	1	0.13555566171621836	3118.0	236.0	0.5246798568597877	0.5246798568597877
label_leakage_controlled	strict	ENSG00000164683	HEY1	-0.3253442631070507	0	-0.04621810609635636	76.0	18.0	0.48257327063555444	0.5174267293644456
label_leakage_controlled	strict	ENSG00000173110	HSPA6	-0.18727718147354921	0	-0.03958619712712664	27.0	6.0	0.48853991068523944	0.5114600893147605
label_leakage_controlled	strict	ENSG00000090339	ICAM1	0.27920219880861685	1	0.100592699112041	1000.0	73.0	0.5900541211959897	0.5900541211959897
label_leakage_controlled	strict	ENSG00000131203	IDO1	-0.02221067292620068	0	-0.023322737449629705	33.0	5.0	0.4973456954425813	0.5026543045574188
label_leakage_controlled	strict	ENSG00000137959	IFI44L	-0.9041434654916018	0	-0.1635794768796901	5584.0	511.0	0.37610534409842367	0.6238946559015763
label_leakage_controlled	strict	ENSG00000185811	IKZF1	-0.17477714939535993	0	-0.028333123911852436	27.0	4.0	0.49934936267116203	0.500650637328838
label_leakage_controlled	strict	ENSG00000100385	IL2RB	-0.22588209509566898	0	-0.01961818639249703	29.0	4.0	0.5002218081802857	0.4997781918197143
label_leakage_controlled	strict	ENSG00000122641	INHBA	-0.19152927528686636	0	-0.005948102418053915	53.0	6.0	0.5045100996658091	0.49548990033419094
label_leakage_controlled	strict	ENSG00000005844	ITGAL	-0.5752526211754881	0	-0.0022369082130868946	34.0	3.0	0.509205039481856	0.490794960518144
label_leakage_controlled	strict	ENSG00000169896	ITGAM	-0.296642266441369	0	0.00570904852256357	140.0	12.0	0.5324801111998344	0.4675198888001656
label_leakage_controlled	strict	ENSG00000076706	MCAM	-0.51833119835155	0	-0.05316586226791287	959.0	101.0	0.5203472037382072	0.4796527962617928
label_leakage_controlled	strict	ENSG00000099953	MMP11	-0.4689042689927968	0	-0.21935966114886785	1147.0	166.0	0.4656567000857658	0.5343432999142341
label_leakage_controlled	strict	ENSG00000117983	MUC5B	0.7969099307870463	1	0.3175551013532738	4496.0	331.0	0.602216603081655	0.602216603081655
label_leakage_controlled	strict	ENSG00000157601	MX1	-0.9359838268924137	0	-0.14062751677358998	4042.0	372.0	0.40502913080767755	0.5949708691923224
label_leakage_controlled	strict	ENSG00000149294	NCAM1	0.6868908758166763	1	0.33274935456395893	2877.0	173.0	0.6213512554343005	0.6213512554343005
label_leakage_controlled	strict	ENSG00000104419	NDRG1	0.3770080028033298	1	-0.026194116188303203	58.0	6.0	0.5111791322863987	0.5111791322863987
label_leakage_controlled	strict	ENSG00000074181	NOTCH3	0.545997080389387	1	0.1253377531379396	15504.0	1047.0	0.5321547925354153	0.5321547925354153
label_leakage_controlled	strict	ENSG00000122133	PAEP	0.11013997127080814	1	0.033769414146544885	284.0	22.0	0.552760772483956	0.552760772483956
label_leakage_controlled	strict	ENSG00000185920	PTCH1	-0.8443879311784701	0	-0.11445618414843384	694.0	115.0	0.4954455386981339	0.5045544613018661
label_leakage_controlled	strict	ENSG00000095303	PTGS1	0.6925437683334089	1	0.3399564677150648	2496.0	148.0	0.6475320143140212	0.6475320143140212
label_leakage_controlled	strict	ENSG00000143248	RGS5	-0.4985556874784564	0	-0.27549829732031017	1402.0	214.0	0.4507585839765771	0.5492414160234229
label_leakage_controlled	strict	ENSG00000124935	SCGB1D2	0.14059315061604755	1	0.07929586776637332	3253.0	249.0	0.517700292786798	0.517700292786798
label_leakage_controlled	strict	ENSG00000196136	SERPINA3	0.18773661668572383	1	0.04658985845183011	565.0	49.0	0.5580619879927838	0.5580619879927838
label_leakage_controlled	strict	ENSG00000117394	SLC2A1	0.8539376233038483	1	0.2638007404832714	12957.0	839.0	0.5989190548014077	0.5989190548014077
label_leakage_controlled	strict	ENSG00000125398	SOX9	0.48215054771722876	1	0.32679884621503563	2710.0	162.0	0.6203605122290243	0.6203605122290243
label_leakage_controlled	strict	ENSG00000105825	TFPI2	0.18709147246109054	1	0.09174121978941457	966.0	79.0	0.5742761659716676	0.5742761659716676
label_leakage_controlled	strict	ENSG00000181847	TIGIT	0.0026970343981272543	1	-0.02025934200916997	143.0	18.0	0.5077780735220182	0.5077780735220182
label_leakage_controlled	strict	ENSG00000078900	TP73	0.017129963640476954	1	0.07235531872873915	360.0	24.0	0.587895188241209	0.587895188241209
label_leakage_controlled	strict	ENSG00000159713	TPPP3	0.07210002236097895	1	0.138132073535071	767.0	55.0	0.6235249756011002	0.6235249756011002
label_leakage_controlled	strict	ENSG00000176890	TYMS	0.5229683557202657	1	0.33747341739996317	5427.0	318.0	0.6213290746162718	0.6213290746162718
label_leakage_controlled	strict	ENSG00000112715	VEGFA	0.09499428139612309	1	0.33053569930365234	7075.0	491.0	0.5754443557211724	0.5754443557211724
label_leakage_controlled	strict	ENSG00000114251	WNT5A	-0.7850381372746862	0	-0.22411185913546594	946.0	159.0	0.44528731552953005	0.55471268447047
label_leakage_controlled	hard	ENSG00000106624	AEBP1	-1.2186754406261064	0	-0.5378267848143122	2382.0	476.0	0.3556398426640641	0.6443601573359359
label_leakage_controlled	hard	ENSG00000178999	AURKB	0.4900154039063297	1	0.28169474812663897	2182.0	131.0	0.6503489782036496	0.6503489782036496
label_leakage_controlled	hard	ENSG00000168646	AXIN2	-0.3677540769785353	0	0.0197183351079393	859.0	68.0	0.5544465146541271	0.4455534853458729
label_leakage_controlled	hard	ENSG00000125378	BMP4	-0.0804366126166006	0	-0.004692120028113325	202.0	19.0	0.5365761689291101	0.4634238310708899
label_leakage_controlled	hard	ENSG00000101144	BMP7	0.9155901577807033	1	0.2697200037225853	6591.0	438.0	0.5833111525153047	0.5833111525153047
label_leakage_controlled	hard	ENSG00000150636	CCDC102B	-0.22139252491146047	0	-0.013990645154827522	118.0	11.0	0.5263360246059207	0.47366397539407934
label_leakage_controlled	hard	ENSG00000091986	CCDC80	-0.25386275961685006	0	0.07087427922528605	996.0	61.0	0.595614112915151	0.404385887084849
label_leakage_controlled	hard	ENSG00000105383	CD33	-0.06511818483336172	0	-0.015527577420983128	23.0	5.0	0.4915047466950581	0.5084952533049418
label_leakage_controlled	hard	ENSG00000004468	CD38	-0.13197857295373824	0	-0.0481663147482829	78.0	10.0	0.5115044509508179	0.48849554904918213
label_leakage_controlled	hard	ENSG00000153283	CD96	-0.10597192476309936	0	0.0178518121779086	262.0	19.0	0.5642652234347735	0.4357347765652265
label_leakage_controlled	hard	ENSG00000054938	CHRDL2	-0.008357823415277181	0	0.002971874456333441	13.0	1.0	0.504820631118209	0.49517936888179104
label_leakage_controlled	hard	ENSG00000163507	CIP2A	0.3712897378497174	1	0.1912690566914081	1456.0	89.0	0.652574453612516	0.652574453612516
label_leakage_controlled	hard	ENSG00000163347	CLDN1	0.2141648325447616	1	-0.01565401653159948	6684.0	581.0	0.4539895898027386	0.4539895898027386
label_leakage_controlled	hard	ENSG00000060718	COL11A1	-0.24833468875789252	0	-0.0025771839725475254	225.0	24.0	0.5298997427025108	0.47010025729748917
label_leakage_controlled	hard	ENSG00000168036	CTNNB1	-0.03934417593776596	0	0.0727817165212743	26014.0	1833.0	0.5157040191642267	0.4842959808357733
label_leakage_controlled	hard	ENSG00000107201	DDX58	-0.3258835016415551	0	-0.012839078307904317	2400.0	194.0	0.48564901073551586	0.5143509892644842
label_leakage_controlled	hard	ENSG00000050165	DKK3	-0.5509547832712293	0	-0.17849345307645004	954.0	128.0	0.4688285570638512	0.5311714429361488
label_leakage_controlled	hard	ENSG00000118997	DNAH7	0.39224726179820735	1	0.11295362316213364	832.0	65.0	0.6097802620293968	0.6097802620293968
label_leakage_controlled	hard	ENSG00000142627	EPHA2	-0.06737766034129933	0	0.0444785993600707	1139.0	93.0	0.5497959364741372	0.45020406352586284
label_leakage_controlled	hard	ENSG00000078098	FAP	-0.13797264467822531	0	-0.02229492072446422	37.0	4.0	0.5061071185638659	0.4938928814361341
label_leakage_controlled	hard	ENSG00000162747	FCGR3B	-0.13510565152676066	0	0.000894114599578013	2.0	0.0	0.5015082956259427	0.4984917043740573
label_leakage_controlled	hard	ENSG00000169919	GUSB	0.3832164196325838	1	0.10351802581285252	3799.0	289.0	0.5084287108508562	0.5084287108508562
label_leakage_controlled	hard	ENSG00000164683	HEY1	-0.3253442631070507	0	-0.03518338228268406	88.0	18.0	0.49089847100227724	0.5091015289977228
label_leakage_controlled	hard	ENSG00000173110	HSPA6	-0.18727718147354921	0	-0.03180403659732306	33.0	6.0	0.49281341495874376	0.5071865850412562
label_leakage_controlled	hard	ENSG00000090339	ICAM1	0.27920219880861685	1	0.07673986392913801	1234.0	86.0	0.5735441989767249	0.5735441989767249
label_leakage_controlled	hard	ENSG00000131203	IDO1	-0.02221067292620068	0	-0.02373999350892972	38.0	6.0	0.5002439889983142	0.49975601100168576
label_leakage_controlled	hard	ENSG00000137959	IFI44L	-0.9041434654916018	0	-0.14574936129164007	6925.0	614.0	0.380378848371928	0.6196211516280721
label_leakage_controlled	hard	ENSG00000185811	IKZF1	-0.17477714939535993	0	-0.021773125148503623	34.0	4.0	0.5044509508177328	0.49554904918226717
label_leakage_controlled	hard	ENSG00000100385	IL2RB	-0.22588209509566898	0	-0.015744819502084458	33.0	4.0	0.5024398899831426	0.4975601100168574
label_leakage_controlled	hard	ENSG00000122641	INHBA	-0.19152927528686636	0	0.001189998692717631	65.0	6.0	0.5104397716854464	0.4895602283145536
label_leakage_controlled	hard	ENSG00000005844	ITGAL	-0.5752526211754881	0	-0.008335747243581913	44.0	5.0	0.5065137668943896	0.49348623310561035
label_leakage_controlled	hard	ENSG00000169896	ITGAM	-0.296642266441369	0	-0.02735636032933693	173.0	15.0	0.530579954455387	0.46942004554461303
label_leakage_controlled	hard	ENSG00000076706	MCAM	-0.51833119835155	0	-0.088019184676706	1171.0	128.0	0.5136412030875699	0.4863587969124301
label_leakage_controlled	hard	ENSG00000099953	MMP11	-0.4689042689927968	0	-0.21762599002959426	1426.0	194.0	0.4522964540265578	0.5477035459734422
label_leakage_controlled	hard	ENSG00000117983	MUC5B	0.7969099307870463	1	0.2731059627451966	5526.0	403.0	0.5933220950521988	0.5933220950521988
label_leakage_controlled	hard	ENSG00000157601	MX1	-0.9359838268924137	0	-0.1297631536553452	4921.0	440.0	0.3974728654659451	0.6025271345340548
label_leakage_controlled	hard	ENSG00000149294	NCAM1	0.6868908758166763	1	0.26777728045569904	3539.0	224.0	0.5939061899269512	0.5939061899269512
label_leakage_controlled	hard	ENSG00000104419	NDRG1	0.3770080028033298	1	-0.015289223028002924	72.0	6.0	0.5199035873776359	0.5199035873776359
label_leakage_controlled	hard	ENSG00000074181	NOTCH3	0.545997080389387	1	0.06358462450067526	19001.0	1303.0	0.48524975601100173	0.48524975601100173
label_leakage_controlled	hard	ENSG00000122133	PAEP	0.11013997127080814	1	0.037479532260694004	348.0	24.0	0.5695146837015349	0.5695146837015349
label_leakage_controlled	hard	ENSG00000185920	PTCH1	-0.8443879311784701	0	-0.11580583134400702	850.0	134.0	0.5004584035725904	0.4995415964274096
label_leakage_controlled	hard	ENSG00000095303	PTGS1	0.6925437683334089	1	0.358450287190464	3079.0	175.0	0.6555984384704108	0.6555984384704108
label_leakage_controlled	hard	ENSG00000143248	RGS5	-0.4985556874784564	0	-0.281356369702247	1732.0	249.0	0.436407594712093	0.563592405287907
label_leakage_controlled	hard	ENSG00000124935	SCGB1D2	0.14059315061604755	1	0.06966779586920291	3972.0	305.0	0.5128870552745985	0.5128870552745985
label_leakage_controlled	hard	ENSG00000196136	SERPINA3	0.18773661668572383	1	0.05874299941333988	702.0	56.0	0.562446396356431	0.562446396356431
label_leakage_controlled	hard	ENSG00000117394	SLC2A1	0.8539376233038483	1	0.22207317344723876	15893.0	1049.0	0.5932037973560466	0.5932037973560466
label_leakage_controlled	hard	ENSG00000125398	SOX9	0.48215054771722876	1	0.3094562499325858	3304.0	201.0	0.6161757312276342	0.6161757312276342
label_leakage_controlled	hard	ENSG00000105825	TFPI2	0.18709147246109054	1	0.07041954771894365	1189.0	100.0	0.5659287847869163	0.5659287847869163
label_leakage_controlled	hard	ENSG00000181847	TIGIT	0.0026970343981272543	1	-0.02561394132241493	178.0	21.0	0.5142770532043888	0.5142770532043888
label_leakage_controlled	hard	ENSG00000078900	TP73	0.017129963640476954	1	0.06882324321557343	443.0	30.0	0.5999393724307218	0.5999393724307218
label_leakage_controlled	hard	ENSG00000159713	TPPP3	0.07210002236097895	1	0.14484393128462453	953.0	63.0	0.6292772010765091	0.6292772010765091
label_leakage_controlled	hard	ENSG00000176890	TYMS	0.5229683557202657	1	0.3031209027077981	6675.0	406.0	0.6126489811610919	0.6126489811610919
label_leakage_controlled	hard	ENSG00000112715	VEGFA	0.09499428139612309	1	0.22800203905728766	8702.0	627.0	0.5485316298465087	0.5485316298465087
label_leakage_controlled	hard	ENSG00000114251	WNT5A	-0.7850381372746862	0	-0.24612512466156355	1121.0	197.0	0.4406293437435306	0.5593706562564694
