method	cluster	marker_gene_count	dominant_patch_count	dominant_metric_eligible	fraction_pearson	fraction_spearman	dominant_roc_auc	dominant_average_precision
space_ranger	1	20	644	1	0.2802215586759125	0.21955545650820757	0.5916739387095119	0.3947934514709842
space_ranger	2	20	226	1	0.35503267218199375	0.3599575395018091	0.6209638842382206	0.21627828814029137
space_ranger	3	20	418	1	0.46905994904674975	0.5168083777103367	0.7827214751236155	0.46891653819069223
space_ranger	4	20	92	1	0.19701332262827817	0.14938401637651508	0.5619787297043873	0.05468476632647935
space_ranger	5	20	79	1	0.3855062585356194	0.4291702028318317	0.6267498662863256	0.06255318767837652
space_ranger	6	20	91	1	-0.008608396483093535	0.018588884945899147	0.47381149763452657	0.051042888835084524
space_ranger	7	20	209	1	0.36943643576405666	0.3506080138671532	0.7110716830761623	0.27121335304565053
space_ranger	8	20	5	0	0.1527085459016207	0.2105822682552592	nan	nan
space_ranger	9	20	20	1	0.3595289087977089	0.4058904215194604	0.8235550708833151	0.06349541443146846
space_ranger	10	20	21	1	-0.08753805638051995	-0.03623260395886116	0.37508118359182185	0.009641344449374116
space_ranger	11	20	0	0	0.1596989290836732	0.17363181848984796	nan	nan
space_ranger	12	20	6	0	0.11686935796371202	0.10898017982643249	nan	nan
space_ranger	13	20	27	1	-0.13004656474383153	-0.07029006939143663	0.3245960793853514	0.023140380311635504
space_ranger	14	20	2	0	0.18462677481072431	0.139019159777558	nan	nan
space_ranger	15	20	13	1	0.18765293849296408	0.13762627896625912	0.7773785150211006	0.06079706579275662
space_ranger	16	20	0	0	0.2712961935563259	0.28614157365674125	nan	nan
space_ranger	17	20	0	0	0.12958365567306843	0.08070369237999223	nan	nan
space_ranger	18	20	0	0	0.20491354184478244	0.2128975537970529	nan	nan
space_ranger	19	20	1	0	0.3149479016555592	0.17535159713416543	nan	nan
strict	1	20	644	1	0.28669549341885425	0.23210000992094992	0.5961423951542528	0.39984970968815325
strict	2	20	226	1	0.34868046752081405	0.3585657299384355	0.6189879541649453	0.20950806803855793
strict	3	20	418	1	0.46242699242903784	0.5146288270569623	0.7801675307539551	0.47789257271677094
strict	4	20	92	1	0.1988697492679924	0.15462260089755936	0.5767840398756354	0.057569701241005786
strict	5	20	79	1	0.3770504528984687	0.4323238565634258	0.6296238188625424	0.06632951751510793
strict	6	20	91	1	-0.021727237922474805	0.014633110573771308	0.4595812582199423	0.05040512882773969
strict	7	20	209	1	0.363947843208488	0.3537855641097884	0.7086080772530939	0.2669804139329003
strict	8	20	5	0	0.14840667929146173	0.2073649243632174	nan	nan
strict	9	20	20	1	0.358641629086326	0.39650666801386003	0.814803707742639	0.06394535053281027
strict	10	20	21	1	-0.08768904406836005	-0.03512511726288628	0.3437508118359182	0.008956090037995454
strict	11	20	0	0	0.15502707036477292	0.16844904501879795	nan	nan
strict	12	20	6	0	0.11184945137608772	0.1037369214799495	nan	nan
strict	13	20	27	1	-0.12147698909488305	-0.06595272917040747	0.3648563725192078	0.02503894277223085
strict	14	20	2	0	0.1816946026182335	0.13904740226655474	nan	nan
strict	15	20	13	1	0.16826709768831788	0.13559757166633155	0.7411941670496804	0.05473575015972133
strict	16	20	0	0	0.2654622203527791	0.27925772342790733	nan	nan
strict	17	20	0	0	0.12807559060367987	0.07694895480199897	nan	nan
strict	18	20	0	0	0.2130211899356767	0.2217961033313943	nan	nan
strict	19	20	1	0	0.2990734044039875	0.18234021696457656	nan	nan
hard	1	20	644	1	0.28065361577209735	0.222978833845786	0.5916636722960833	0.3958024468679126
hard	2	20	226	1	0.35423961745488736	0.35981398973786594	0.6214014698527972	0.21575827520373603
hard	3	20	418	1	0.4723856146401048	0.5160676566381912	0.7816885687249271	0.4701780021669867
hard	4	20	92	1	0.19671690404991443	0.1491975654331341	0.5657540837980556	0.057488760585506435
hard	5	20	79	1	0.38586185812716844	0.43153838946092005	0.6285113210911035	0.06317075379626615
hard	6	20	91	1	-0.0072749102361921725	0.01679317766860848	0.4778443337717303	0.054471462374726984
hard	7	20	209	1	0.3695057158300593	0.3526352671081351	0.7137796134436672	0.27278310245432347
hard	8	20	5	0	0.15648597956011334	0.21808132453542137	nan	nan
hard	9	20	20	1	0.3657559814576753	0.40915900546635947	0.8158124318429663	0.061568319489693095
hard	10	20	21	1	-0.07501554550191072	-0.02871459823253792	0.3673654950250695	0.011181431859759042
hard	11	20	0	0	0.1571290243575098	0.17080228144926282	nan	nan
hard	12	20	6	0	0.11998430426733853	0.10617097024781576	nan	nan
hard	13	20	27	1	-0.1229229311449671	-0.05424824783128258	0.3555920452472176	0.02078045207222879
hard	14	20	2	0	0.18707693007961773	0.1410206003761504	nan	nan
hard	15	20	13	1	0.1890288980151357	0.14083179262884848	0.7773785150211006	0.06088197179377592
hard	16	20	0	0	0.2755611643923249	0.28588465743853936	nan	nan
hard	17	20	0	0	0.12988046829133804	0.07417580705995251	nan	nan
hard	18	20	0	0	0.2025870084981916	0.21162834409871667	nan	nan
hard	19	20	1	0	0.32725335951945994	0.18515713763213776	nan	nan
soft_expected	1	20	644	1	0.2818339857590218	0.22329504141714207	0.5912953647143371	0.39557733549314156
soft_expected	2	20	226	1	0.35525760583940036	0.3608392763237314	0.6234453480028702	0.21559830127723517
soft_expected	3	20	418	1	0.47309216613744304	0.5149319206857675	0.7810338393464034	0.4695690832794144
soft_expected	4	20	92	1	0.19719878433447258	0.14959786962755947	0.5648164141538765	0.057322611025523953
soft_expected	5	20	79	1	0.38879257349594537	0.43099535680145185	0.6285041896951329	0.06339711756767111
soft_expected	6	20	91	1	-0.004219290265896226	0.015659098144609914	0.4767410694807178	0.05485438596647893
soft_expected	7	20	209	1	0.36932766184033256	0.35183733405654904	0.7141170140050318	0.2722018310358638
soft_expected	8	20	5	0	0.1553119890704049	0.21614718654434686	nan	nan
soft_expected	9	20	20	1	0.36557865837595815	0.40829034096649347	0.8129225736095965	0.06128856203121487
soft_expected	10	20	21	1	-0.07560856269558519	-0.03166358820657921	0.36884628373990075	0.010893732827331266
soft_expected	11	20	0	0	0.1578011070229044	0.17059856525373393	nan	nan
soft_expected	12	20	6	0	0.12075896437142626	0.10556668843748132	nan	nan
soft_expected	13	20	27	1	-0.12149850805454926	-0.056307452689282826	0.3567678242007744	0.02025921322609601
soft_expected	14	20	2	0	0.18737799944712352	0.14087367987313779	nan	nan
soft_expected	15	20	13	1	0.18829238603146506	0.14171473645746716	0.778464881126478	0.06094293519189201
soft_expected	16	20	0	0	0.27545145710138025	0.28687610286825443	nan	nan
soft_expected	17	20	0	0	0.13040402556046488	0.07551289501174085	nan	nan
soft_expected	18	20	0	0	0.20317172766342187	0.21204611627388562	nan	nan
soft_expected	19	20	1	0	0.32808799849783504	0.18635705170380482	nan	nan
