gene_id	missing_from
ENSG00000187003	strict,hard,soft_expected
ENSG00000180772	strict,hard,soft_expected
ENSG00000171819	strict,hard,soft_expected
ENSG00000164326	strict,hard,soft_expected
ENSG00000274276	space_ranger,strict,hard,soft_expected
ENSG00000280997	strict,hard,soft_expected
ENSG00000172724	strict,hard,soft_expected
ENSG00000179934	strict,hard,soft_expected
ENSG00000158485	strict,hard,soft_expected
ENSG00000124469	strict,hard,soft_expected
ENSG00000104827	strict,hard,soft_expected
ENSG00000147571	strict,hard,soft_expected
ENSG00000180138	strict,hard,soft_expected
ENSG00000205279	strict,hard,soft_expected
ENSG00000179142	strict,hard,soft_expected
ENSG00000206047	strict,hard,soft_expected
ENSG00000164822	strict,hard,soft_expected
ENSG00000171711	strict,hard,soft_expected
ENSG00000163064	strict,hard,soft_expected
ENSG00000198758	strict,hard,soft_expected
ENSG00000163497	strict,hard,soft_expected
ENSG00000128610	strict,hard,soft_expected
ENSG00000153266	strict,hard,soft_expected
ENSG00000263761	strict,hard,soft_expected
ENSG00000286070	space_ranger,strict,hard,soft_expected
ENSG00000154478	strict,hard,soft_expected
ENSG00000134184	strict,hard,soft_expected
ENSG00000180613	strict,hard,soft_expected
ENSG00000188816	strict,hard,soft_expected
ENSG00000135312	strict,hard,soft_expected
ENSG00000197919	strict,hard,soft_expected
ENSG00000234829	strict,hard,soft_expected
ENSG00000214042	strict,hard,soft_expected
ENSG00000120242	strict,hard,soft_expected
ENSG00000177047	strict,hard,soft_expected
ENSG00000112115	strict,hard,soft_expected
ENSG00000136697	strict,hard,soft_expected
ENSG00000162892	strict,hard,soft_expected
ENSG00000164399	strict,hard,soft_expected
ENSG00000113520	strict,hard,soft_expected
ENSG00000145839	strict,hard,soft_expected
ENSG00000170549	strict,hard,soft_expected
ENSG00000016082	strict,hard,soft_expected
ENSG00000012817	strict,hard,soft_expected
ENSG00000203786	strict,hard,soft_expected
ENSG00000171431	strict,hard,soft_expected
ENSG00000167618	strict,hard,soft_expected
ENSG00000138136	strict,hard,soft_expected
ENSG00000105198	strict,hard,soft_expected
ENSG00000105370	strict,hard,soft_expected
ENSG00000198681	strict,hard,soft_expected
ENSG00000213401	strict,hard,soft_expected
ENSG00000221867	strict,hard,soft_expected
ENSG00000099399	strict,hard,soft_expected
ENSG00000124089	strict,hard,soft_expected
ENSG00000137745	strict,hard,soft_expected
ENSG00000134640	strict,hard,soft_expected
ENSG00000109061	strict,hard,soft_expected
ENSG00000125816	strict,hard,soft_expected
ENSG00000205927	strict,hard,soft_expected
ENSG00000171199	strict,hard,soft_expected
ENSG00000204969	strict,hard,soft_expected
ENSG00000139515	strict,hard,soft_expected
ENSG00000109132	strict,hard,soft_expected
ENSG00000064835	strict,hard,soft_expected
ENSG00000175325	strict,hard,soft_expected
ENSG00000131721	strict,hard,soft_expected
ENSG00000169397	strict,hard,soft_expected
ENSG00000182631	strict,hard,soft_expected
ENSG00000165953	strict,hard,soft_expected
ENSG00000206073	strict,hard,soft_expected
ENSG00000163581	strict,hard,soft_expected
ENSG00000115665	strict,hard,soft_expected
ENSG00000182968	strict,hard,soft_expected
ENSG00000168875	strict,hard,soft_expected
ENSG00000227234	strict,hard,soft_expected
ENSG00000145879	strict,hard,soft_expected
ENSG00000184895	strict,hard,soft_expected
ENSG00000241476	strict,hard,soft_expected
ENSG00000268009	strict,hard,soft_expected
ENSG00000256762	strict,hard,soft_expected
ENSG00000104435	strict,hard,soft_expected
ENSG00000257138	strict,hard,soft_expected
ENSG00000213689	strict,hard,soft_expected
ENSG00000174417	strict,hard,soft_expected
ENSG00000258992	strict,hard,soft_expected
ENSG00000212122	strict,hard,soft_expected
ENSG00000244474	strict,hard,soft_expected
ENSG00000148704	strict,hard,soft_expected
ENSG00000125084	strict,hard,soft_expected
ENSG00000168334	strict,hard,soft_expected
