gene_set	method	gene_id	gene_name	xenium_counts	visium_counts	xenium_reliability	spatial_pearson_defined	spatial_pearson_zero_if_undefined
xenium_v1_ovarian_custom	space_ranger	ENSG00000106624	AEBP1	41405.0	6629.0	0.8949587830518151	1	0.2851646159075097
xenium_v1_ovarian_custom	space_ranger	ENSG00000178999	AURKB	69094.0	5382.0	0.7221023456096709	1	0.1181586591302918
xenium_v1_ovarian_custom	space_ranger	ENSG00000168646	AXIN2	19799.0	2171.0	0.6015867098996008	1	0.08030492042608749
xenium_v1_ovarian_custom	space_ranger	ENSG00000125378	BMP4	4084.0	480.0	0.376380290718719	1	0.06112337195374971
xenium_v1_ovarian_custom	space_ranger	ENSG00000101144	BMP7	167803.0	15828.0	0.8390094270389338	1	0.26593704072770585
xenium_v1_ovarian_custom	space_ranger	ENSG00000150636	CCDC102B	1381.0	259.0	0.6936481116679224	1	0.005066362895661985
xenium_v1_ovarian_custom	space_ranger	ENSG00000091986	CCDC80	13865.0	2484.0	0.6731109614451074	1	0.12160228374681349
xenium_v1_ovarian_custom	space_ranger	ENSG00000105383	CD33	923.0	74.0	0.14322000570658852	1	0.02666712124666029
xenium_v1_ovarian_custom	space_ranger	ENSG00000004468	CD38	2732.0	200.0	0.7403689931011133	1	0.167633003551981
xenium_v1_ovarian_custom	space_ranger	ENSG00000153283	CD96	1960.0	543.0	0.2273490616943792	1	0.015026086668041389
xenium_v1_ovarian_custom	space_ranger	ENSG00000054938	CHRDL2	208.0	32.0	0.013299103754887043	1	-0.009383229164538159
xenium_v1_ovarian_custom	space_ranger	ENSG00000163507	CIP2A	48882.0	3478.0	0.593261175912718	1	0.11797388490587694
xenium_v1_ovarian_custom	space_ranger	ENSG00000163347	CLDN1	98674.0	15541.0	0.9280029452712889	1	0.29694912893066133
xenium_v1_ovarian_custom	space_ranger	ENSG00000060718	COL11A1	2562.0	636.0	0.6193084671863626	1	0.10784680473194888
xenium_v1_ovarian_custom	space_ranger	ENSG00000168036	CTNNB1	346556.0	63057.0	0.49493855596733877	1	0.13428850586894092
xenium_v1_ovarian_custom	space_ranger	ENSG00000107201	DDX58	92128.0	6017.0	0.7794465859027593	1	0.20176645934583376
xenium_v1_ovarian_custom	space_ranger	ENSG00000050165	DKK3	8686.0	2602.0	0.8759539587955605	1	0.2040786738132896
xenium_v1_ovarian_custom	space_ranger	ENSG00000118997	DNAH7	24310.0	2089.0	0.6085597913632417	1	0.12846131474212663
xenium_v1_ovarian_custom	space_ranger	ENSG00000142627	EPHA2	28091.0	2788.0	0.5161668650513316	1	0.016005543141285397
xenium_v1_ovarian_custom	space_ranger	ENSG00000078098	FAP	1138.0	90.0	0.5815024043081025	1	0.02239331678707763
xenium_v1_ovarian_custom	space_ranger	ENSG00000162747	FCGR3B	980.0	5.0	0.20324219390330703	1	-0.0006215857235165342
xenium_v1_ovarian_custom	space_ranger	ENSG00000169919	GUSB	341072.0	9010.0	0.6977903101550404	1	0.011844773794306691
xenium_v1_ovarian_custom	space_ranger	ENSG00000164683	HEY1	2750.0	267.0	0.7836018563960824	1	0.05319494436841381
xenium_v1_ovarian_custom	space_ranger	ENSG00000173110	HSPA6	1845.0	92.0	0.6391984862868567	1	0.02612780066508943
xenium_v1_ovarian_custom	space_ranger	ENSG00000090339	ICAM1	50429.0	2758.0	0.9106997856424749	1	0.3055955751011712
xenium_v1_ovarian_custom	space_ranger	ENSG00000131203	IDO1	740.0	104.0	0.7813942827214944	1	0.08070823800629782
xenium_v1_ovarian_custom	space_ranger	ENSG00000137959	IFI44L	106390.0	17241.0	0.8767203147390291	1	0.32543651890831693
xenium_v1_ovarian_custom	space_ranger	ENSG00000185811	IKZF1	1495.0	100.0	0.5322425763010754	1	0.0005417643327680583
xenium_v1_ovarian_custom	space_ranger	ENSG00000100385	IL2RB	1072.0	71.0	0.8134712176860562	1	0.0952130531334301
xenium_v1_ovarian_custom	space_ranger	ENSG00000122641	INHBA	1704.0	160.0	0.5778673309668381	1	0.027689175580061964
xenium_v1_ovarian_custom	space_ranger	ENSG00000005844	ITGAL	4278.0	89.0	0.8582679758460661	1	0.06331186190166783
xenium_v1_ovarian_custom	space_ranger	ENSG00000169896	ITGAM	4532.0	394.0	0.7600068503808819	1	0.0073102425506124495
xenium_v1_ovarian_custom	space_ranger	ENSG00000076706	MCAM	69116.0	2920.0	0.8652810948451233	1	0.18904212650089142
xenium_v1_ovarian_custom	space_ranger	ENSG00000085276	MECOM	82381.0	18515.0	0.7173460047462547	1	0.14012816943842007
xenium_v1_ovarian_custom	space_ranger	ENSG00000099953	MMP11	16045.0	4141.0	0.8757494932412159	1	0.2749608150049687
xenium_v1_ovarian_custom	space_ranger	ENSG00000181143	MUC16	862099.0	106907.0	0.9437048207882865	1	0.4280291337405412
xenium_v1_ovarian_custom	space_ranger	ENSG00000117983	MUC5B	140107.0	13745.0	0.9394382120673404	1	0.4401481991100058
xenium_v1_ovarian_custom	space_ranger	ENSG00000157601	MX1	212822.0	11977.0	0.950214395621251	1	0.3155598849444224
xenium_v1_ovarian_custom	space_ranger	ENSG00000149294	NCAM1	147748.0	8471.0	0.8147497883792453	1	0.1297541314694271
xenium_v1_ovarian_custom	space_ranger	ENSG00000104419	NDRG1	167785.0	199.0	0.8730860314868988	1	0.015317366321287234
xenium_v1_ovarian_custom	space_ranger	ENSG00000074181	NOTCH3	370887.0	45867.0	0.8069380506734971	1	0.038407827620054645
xenium_v1_ovarian_custom	space_ranger	ENSG00000122133	PAEP	4677.0	750.0	0.6247660232237211	1	0.143371218010606
xenium_v1_ovarian_custom	space_ranger	ENSG00000185920	PTCH1	39658.0	2400.0	0.8358656387545311	1	0.17719800365420976
xenium_v1_ovarian_custom	space_ranger	ENSG00000095303	PTGS1	127071.0	7130.0	0.8331983473812938	1	0.23772394908202082
xenium_v1_ovarian_custom	space_ranger	ENSG00000143248	RGS5	6569.0	5102.0	0.8393431928651656	1	0.18881912957365873
xenium_v1_ovarian_custom	space_ranger	ENSG00000124935	SCGB1D2	15748.0	9958.0	0.5898146725347281	1	0.33451188408564375
xenium_v1_ovarian_custom	space_ranger	ENSG00000196136	SERPINA3	14112.0	1651.0	0.9013520309219665	1	0.20131258647331474
xenium_v1_ovarian_custom	space_ranger	ENSG00000117394	SLC2A1	308150.0	38140.0	0.9001354375036248	1	0.2420225261610295
xenium_v1_ovarian_custom	space_ranger	ENSG00000125398	SOX9	45849.0	7865.0	0.6566044861227668	1	0.1668149621632685
xenium_v1_ovarian_custom	space_ranger	ENSG00000105825	TFPI2	10479.0	2932.0	0.6624048478876858	1	0.14295748029796493
xenium_v1_ovarian_custom	space_ranger	ENSG00000181847	TIGIT	4132.0	445.0	0.389870527605776	1	0.055149720864172656
xenium_v1_ovarian_custom	space_ranger	ENSG00000078900	TP73	2013.0	1148.0	0.19750071649553705	1	0.07353161591945974
xenium_v1_ovarian_custom	space_ranger	ENSG00000159713	TPPP3	12290.0	2281.0	0.5789750525789019	1	0.06468803109895767
xenium_v1_ovarian_custom	space_ranger	ENSG00000176890	TYMS	104896.0	15842.0	0.7962538771425501	1	0.23907911761958558
xenium_v1_ovarian_custom	space_ranger	ENSG00000112715	VEGFA	88442.0	21292.0	0.7658317451210733	1	0.2542660707577837
xenium_v1_ovarian_custom	space_ranger	ENSG00000114251	WNT5A	20169.0	3131.0	0.8282939844056239	1	0.23482795307463283
xenium_v1_ovarian_custom	strict	ENSG00000106624	AEBP1	41405.0	5816.0	0.8949587830518151	1	0.2617445340844181
xenium_v1_ovarian_custom	strict	ENSG00000178999	AURKB	69094.0	4647.0	0.7221023456096709	1	0.0965272273061018
xenium_v1_ovarian_custom	strict	ENSG00000168646	AXIN2	19799.0	1941.0	0.6015867098996008	1	0.07049952872663806
xenium_v1_ovarian_custom	strict	ENSG00000125378	BMP4	4084.0	397.0	0.376380290718719	1	0.03028273601172106
xenium_v1_ovarian_custom	strict	ENSG00000101144	BMP7	167803.0	13905.0	0.8390094270389338	1	0.25774741249700267
xenium_v1_ovarian_custom	strict	ENSG00000150636	CCDC102B	1381.0	255.0	0.6936481116679224	1	-0.013768953295007413
xenium_v1_ovarian_custom	strict	ENSG00000091986	CCDC80	13865.0	2142.0	0.6731109614451074	1	0.1211722412203008
xenium_v1_ovarian_custom	strict	ENSG00000105383	CD33	923.0	64.0	0.14322000570658852	1	0.030469280508530896
xenium_v1_ovarian_custom	strict	ENSG00000004468	CD38	2732.0	175.0	0.7403689931011133	1	0.16950735691564997
xenium_v1_ovarian_custom	strict	ENSG00000153283	CD96	1960.0	518.0	0.2273490616943792	1	0.020464874368596966
xenium_v1_ovarian_custom	strict	ENSG00000054938	CHRDL2	208.0	26.0	0.013299103754887043	1	-0.010240356708926937
xenium_v1_ovarian_custom	strict	ENSG00000163507	CIP2A	48882.0	2998.0	0.593261175912718	1	0.13139164271352013
xenium_v1_ovarian_custom	strict	ENSG00000163347	CLDN1	98674.0	13506.0	0.9280029452712889	1	0.28602466689115486
xenium_v1_ovarian_custom	strict	ENSG00000060718	COL11A1	2562.0	567.0	0.6193084671863626	1	0.116783901522984
xenium_v1_ovarian_custom	strict	ENSG00000168036	CTNNB1	346556.0	55334.0	0.49493855596733877	1	0.13484439864871353
xenium_v1_ovarian_custom	strict	ENSG00000107201	DDX58	92128.0	5200.0	0.7794465859027593	1	0.180935952724666
xenium_v1_ovarian_custom	strict	ENSG00000050165	DKK3	8686.0	2302.0	0.8759539587955605	1	0.22302369868882033
xenium_v1_ovarian_custom	strict	ENSG00000118997	DNAH7	24310.0	1823.0	0.6085597913632417	1	0.11231490985341537
xenium_v1_ovarian_custom	strict	ENSG00000142627	EPHA2	28091.0	2444.0	0.5161668650513316	1	0.013062768461682498
xenium_v1_ovarian_custom	strict	ENSG00000078098	FAP	1138.0	79.0	0.5815024043081025	1	-0.011230764122636036
xenium_v1_ovarian_custom	strict	ENSG00000162747	FCGR3B	980.0	5.0	0.20324219390330703	1	-0.01111824551941969
xenium_v1_ovarian_custom	strict	ENSG00000169919	GUSB	341072.0	7862.0	0.6977903101550404	1	0.024025851963603042
xenium_v1_ovarian_custom	strict	ENSG00000164683	HEY1	2750.0	238.0	0.7836018563960824	1	0.062272177965178935
xenium_v1_ovarian_custom	strict	ENSG00000173110	HSPA6	1845.0	83.0	0.6391984862868567	1	0.02867134336969621
xenium_v1_ovarian_custom	strict	ENSG00000090339	ICAM1	50429.0	2390.0	0.9106997856424749	1	0.29451308758234884
xenium_v1_ovarian_custom	strict	ENSG00000131203	IDO1	740.0	97.0	0.7813942827214944	1	0.09317624954254898
xenium_v1_ovarian_custom	strict	ENSG00000137959	IFI44L	106390.0	15000.0	0.8767203147390291	1	0.32145852697084765
xenium_v1_ovarian_custom	strict	ENSG00000185811	IKZF1	1495.0	90.0	0.5322425763010754	1	0.0191197105918533
xenium_v1_ovarian_custom	strict	ENSG00000100385	IL2RB	1072.0	66.0	0.8134712176860562	1	0.09913715140950445
xenium_v1_ovarian_custom	strict	ENSG00000122641	INHBA	1704.0	139.0	0.5778673309668381	1	0.02797755248568343
xenium_v1_ovarian_custom	strict	ENSG00000005844	ITGAL	4278.0	86.0	0.8582679758460661	1	0.054085808033203966
xenium_v1_ovarian_custom	strict	ENSG00000169896	ITGAM	4532.0	342.0	0.7600068503808819	1	-0.0016436960679772027
xenium_v1_ovarian_custom	strict	ENSG00000076706	MCAM	69116.0	2587.0	0.8652810948451233	1	0.15502626697525757
xenium_v1_ovarian_custom	strict	ENSG00000085276	MECOM	82381.0	16330.0	0.7173460047462547	1	0.13648584060599306
xenium_v1_ovarian_custom	strict	ENSG00000099953	MMP11	16045.0	3544.0	0.8757494932412159	1	0.27879724866173367
xenium_v1_ovarian_custom	strict	ENSG00000181143	MUC16	862099.0	93289.0	0.9437048207882865	1	0.40047360836610935
xenium_v1_ovarian_custom	strict	ENSG00000117983	MUC5B	140107.0	12034.0	0.9394382120673404	1	0.42035805452431124
xenium_v1_ovarian_custom	strict	ENSG00000157601	MX1	212822.0	10534.0	0.950214395621251	1	0.3051521638274739
xenium_v1_ovarian_custom	strict	ENSG00000149294	NCAM1	147748.0	7321.0	0.8147497883792453	1	0.14227441287637876
xenium_v1_ovarian_custom	strict	ENSG00000104419	NDRG1	167785.0	157.0	0.8730860314868988	1	0.014789942605029189
xenium_v1_ovarian_custom	strict	ENSG00000074181	NOTCH3	370887.0	39917.0	0.8069380506734971	1	0.055572468525367257
xenium_v1_ovarian_custom	strict	ENSG00000122133	PAEP	4677.0	664.0	0.6247660232237211	1	0.1379470199739846
xenium_v1_ovarian_custom	strict	ENSG00000185920	PTCH1	39658.0	2082.0	0.8358656387545311	1	0.1627817563254845
xenium_v1_ovarian_custom	strict	ENSG00000095303	PTGS1	127071.0	6212.0	0.8331983473812938	1	0.2308261170266516
xenium_v1_ovarian_custom	strict	ENSG00000143248	RGS5	6569.0	4467.0	0.8393431928651656	1	0.1882976353932014
xenium_v1_ovarian_custom	strict	ENSG00000124935	SCGB1D2	15748.0	8786.0	0.5898146725347281	1	0.2985378493737823
xenium_v1_ovarian_custom	strict	ENSG00000196136	SERPINA3	14112.0	1428.0	0.9013520309219665	1	0.19826514930151276
xenium_v1_ovarian_custom	strict	ENSG00000117394	SLC2A1	308150.0	33126.0	0.9001354375036248	1	0.25125834193294205
xenium_v1_ovarian_custom	strict	ENSG00000125398	SOX9	45849.0	6853.0	0.6566044861227668	1	0.16838677873758842
xenium_v1_ovarian_custom	strict	ENSG00000105825	TFPI2	10479.0	2580.0	0.6624048478876858	1	0.14029939391904508
xenium_v1_ovarian_custom	strict	ENSG00000181847	TIGIT	4132.0	384.0	0.389870527605776	1	0.03165358341652791
xenium_v1_ovarian_custom	strict	ENSG00000078900	TP73	2013.0	1013.0	0.19750071649553705	1	0.07985263203884291
xenium_v1_ovarian_custom	strict	ENSG00000159713	TPPP3	12290.0	1985.0	0.5789750525789019	1	0.07152571075323931
xenium_v1_ovarian_custom	strict	ENSG00000176890	TYMS	104896.0	13813.0	0.7962538771425501	1	0.25284816911292385
xenium_v1_ovarian_custom	strict	ENSG00000112715	VEGFA	88442.0	18448.0	0.7658317451210733	1	0.24217794384076688
xenium_v1_ovarian_custom	strict	ENSG00000114251	WNT5A	20169.0	2763.0	0.8282939844056239	1	0.22402465263399746
xenium_v1_ovarian_custom	hard	ENSG00000106624	AEBP1	41405.0	7188.0	0.8949587830518151	1	0.2860347204030596
xenium_v1_ovarian_custom	hard	ENSG00000178999	AURKB	69094.0	5706.0	0.7221023456096709	1	0.11289967423698986
xenium_v1_ovarian_custom	hard	ENSG00000168646	AXIN2	19799.0	2313.0	0.6015867098996008	1	0.09095907793371948
xenium_v1_ovarian_custom	hard	ENSG00000125378	BMP4	4084.0	510.0	0.376380290718719	1	0.06224867238929185
xenium_v1_ovarian_custom	hard	ENSG00000101144	BMP7	167803.0	17018.0	0.8390094270389338	1	0.26532610003122586
xenium_v1_ovarian_custom	hard	ENSG00000150636	CCDC102B	1381.0	314.0	0.6936481116679224	1	-0.005890924873707279
xenium_v1_ovarian_custom	hard	ENSG00000091986	CCDC80	13865.0	2632.0	0.6731109614451074	1	0.13010145234968298
xenium_v1_ovarian_custom	hard	ENSG00000105383	CD33	923.0	78.0	0.14322000570658852	1	0.022552324662043315
xenium_v1_ovarian_custom	hard	ENSG00000004468	CD38	2732.0	220.0	0.7403689931011133	1	0.15579001763285946
xenium_v1_ovarian_custom	hard	ENSG00000153283	CD96	1960.0	626.0	0.2273490616943792	1	0.0355637161611481
xenium_v1_ovarian_custom	hard	ENSG00000054938	CHRDL2	208.0	34.0	0.013299103754887043	1	-0.010894177048813014
xenium_v1_ovarian_custom	hard	ENSG00000163507	CIP2A	48882.0	3737.0	0.593261175912718	1	0.12674732331807603
xenium_v1_ovarian_custom	hard	ENSG00000163347	CLDN1	98674.0	16589.0	0.9280029452712889	1	0.2962640125663085
xenium_v1_ovarian_custom	hard	ENSG00000060718	COL11A1	2562.0	698.0	0.6193084671863626	1	0.10977361914150768
xenium_v1_ovarian_custom	hard	ENSG00000168036	CTNNB1	346556.0	67747.0	0.49493855596733877	1	0.129791658285171
xenium_v1_ovarian_custom	hard	ENSG00000107201	DDX58	92128.0	6444.0	0.7794465859027593	1	0.19223844877578905
xenium_v1_ovarian_custom	hard	ENSG00000050165	DKK3	8686.0	2799.0	0.8759539587955605	1	0.23464134574544465
xenium_v1_ovarian_custom	hard	ENSG00000118997	DNAH7	24310.0	2238.0	0.6085597913632417	1	0.1368432299578226
xenium_v1_ovarian_custom	hard	ENSG00000142627	EPHA2	28091.0	2976.0	0.5161668650513316	1	0.013407635250983782
xenium_v1_ovarian_custom	hard	ENSG00000078098	FAP	1138.0	100.0	0.5815024043081025	1	0.015118584668256638
xenium_v1_ovarian_custom	hard	ENSG00000162747	FCGR3B	980.0	5.0	0.20324219390330703	1	-0.011162373827641767
xenium_v1_ovarian_custom	hard	ENSG00000169919	GUSB	341072.0	9638.0	0.6977903101550404	1	0.017562970845094554
xenium_v1_ovarian_custom	hard	ENSG00000164683	HEY1	2750.0	287.0	0.7836018563960824	1	0.052773658808886195
xenium_v1_ovarian_custom	hard	ENSG00000173110	HSPA6	1845.0	102.0	0.6391984862868567	1	0.026499677322493212
xenium_v1_ovarian_custom	hard	ENSG00000090339	ICAM1	50429.0	2937.0	0.9106997856424749	1	0.31629418976729495
xenium_v1_ovarian_custom	hard	ENSG00000131203	IDO1	740.0	114.0	0.7813942827214944	1	0.08664431650192343
xenium_v1_ovarian_custom	hard	ENSG00000137959	IFI44L	106390.0	18463.0	0.8767203147390291	1	0.33925384111723955
xenium_v1_ovarian_custom	hard	ENSG00000185811	IKZF1	1495.0	113.0	0.5322425763010754	1	0.010844479298377195
xenium_v1_ovarian_custom	hard	ENSG00000100385	IL2RB	1072.0	79.0	0.8134712176860562	1	0.09564221384499479
xenium_v1_ovarian_custom	hard	ENSG00000122641	INHBA	1704.0	170.0	0.5778673309668381	1	0.028567896715529985
xenium_v1_ovarian_custom	hard	ENSG00000005844	ITGAL	4278.0	107.0	0.8582679758460661	1	0.07434637905524757
xenium_v1_ovarian_custom	hard	ENSG00000169896	ITGAM	4532.0	423.0	0.7600068503808819	1	0.0015755433624157808
xenium_v1_ovarian_custom	hard	ENSG00000076706	MCAM	69116.0	3160.0	0.8652810948451233	1	0.19113534978983523
xenium_v1_ovarian_custom	hard	ENSG00000085276	MECOM	82381.0	20035.0	0.7173460047462547	1	0.14777087360229893
xenium_v1_ovarian_custom	hard	ENSG00000099953	MMP11	16045.0	4415.0	0.8757494932412159	1	0.27331869974152845
xenium_v1_ovarian_custom	hard	ENSG00000181143	MUC16	862099.0	114496.0	0.9437048207882865	1	0.42965237851509314
xenium_v1_ovarian_custom	hard	ENSG00000117983	MUC5B	140107.0	14781.0	0.9394382120673404	1	0.44678442533486756
xenium_v1_ovarian_custom	hard	ENSG00000157601	MX1	212822.0	12910.0	0.950214395621251	1	0.31740645809984935
xenium_v1_ovarian_custom	hard	ENSG00000149294	NCAM1	147748.0	9019.0	0.8147497883792453	1	0.13764924960603106
xenium_v1_ovarian_custom	hard	ENSG00000104419	NDRG1	167785.0	195.0	0.8730860314868988	1	0.016977520214352778
xenium_v1_ovarian_custom	hard	ENSG00000074181	NOTCH3	370887.0	49032.0	0.8069380506734971	1	0.04416753234697823
xenium_v1_ovarian_custom	hard	ENSG00000122133	PAEP	4677.0	796.0	0.6247660232237211	1	0.14496249324147903
xenium_v1_ovarian_custom	hard	ENSG00000185920	PTCH1	39658.0	2583.0	0.8358656387545311	1	0.17750822770620595
xenium_v1_ovarian_custom	hard	ENSG00000095303	PTGS1	127071.0	7677.0	0.8331983473812938	1	0.2551450896842244
xenium_v1_ovarian_custom	hard	ENSG00000143248	RGS5	6569.0	5440.0	0.8393431928651656	1	0.18996937662666516
xenium_v1_ovarian_custom	hard	ENSG00000124935	SCGB1D2	15748.0	10714.0	0.5898146725347281	1	0.3355353216784484
xenium_v1_ovarian_custom	hard	ENSG00000196136	SERPINA3	14112.0	1767.0	0.9013520309219665	1	0.20169390225090789
xenium_v1_ovarian_custom	hard	ENSG00000117394	SLC2A1	308150.0	40708.0	0.9001354375036248	1	0.27417141655429805
xenium_v1_ovarian_custom	hard	ENSG00000125398	SOX9	45849.0	8391.0	0.6566044861227668	1	0.16498943743725974
xenium_v1_ovarian_custom	hard	ENSG00000105825	TFPI2	10479.0	3158.0	0.6624048478876858	1	0.15375445214512157
xenium_v1_ovarian_custom	hard	ENSG00000181847	TIGIT	4132.0	479.0	0.389870527605776	1	0.04718523771782873
xenium_v1_ovarian_custom	hard	ENSG00000078900	TP73	2013.0	1235.0	0.19750071649553705	1	0.08665053960260936
xenium_v1_ovarian_custom	hard	ENSG00000159713	TPPP3	12290.0	2439.0	0.5789750525789019	1	0.07014347643355952
xenium_v1_ovarian_custom	hard	ENSG00000176890	TYMS	104896.0	16968.0	0.7962538771425501	1	0.26207712261813104
xenium_v1_ovarian_custom	hard	ENSG00000112715	VEGFA	88442.0	22763.0	0.7658317451210733	1	0.25873751197523553
xenium_v1_ovarian_custom	hard	ENSG00000114251	WNT5A	20169.0	3343.0	0.8282939844056239	1	0.22862466535084108
xenium_v1_ovarian_custom	soft_expected	ENSG00000106624	AEBP1	41405.0	7173.326408934746	0.8949587830518151	1	0.2863518767682135
xenium_v1_ovarian_custom	soft_expected	ENSG00000178999	AURKB	69094.0	5688.051060710521	0.7221023456096709	1	0.11569818691764776
xenium_v1_ovarian_custom	soft_expected	ENSG00000168646	AXIN2	19799.0	2309.986914382686	0.6015867098996008	1	0.08931175823710358
xenium_v1_ovarian_custom	soft_expected	ENSG00000125378	BMP4	4084.0	508.9583976381859	0.376380290718719	1	0.059708516261677363
xenium_v1_ovarian_custom	soft_expected	ENSG00000101144	BMP7	167803.0	16993.915736365212	0.8390094270389338	1	0.2664397435107595
xenium_v1_ovarian_custom	soft_expected	ENSG00000150636	CCDC102B	1381.0	314.0	0.6936481116679224	1	-0.007477696662994804
xenium_v1_ovarian_custom	soft_expected	ENSG00000091986	CCDC80	13865.0	2626.304121946153	0.6731109614451074	1	0.13055351036713206
xenium_v1_ovarian_custom	soft_expected	ENSG00000105383	CD33	923.0	78.0	0.14322000570658852	1	0.023307867305793848
xenium_v1_ovarian_custom	soft_expected	ENSG00000004468	CD38	2732.0	218.84626099359593	0.7403689931011133	1	0.15733911081327268
xenium_v1_ovarian_custom	soft_expected	ENSG00000153283	CD96	1960.0	622.9989242465444	0.2273490616943792	1	0.034085217320889816
xenium_v1_ovarian_custom	soft_expected	ENSG00000054938	CHRDL2	208.0	34.0	0.013299103754887043	1	-0.010895631029237069
xenium_v1_ovarian_custom	soft_expected	ENSG00000163507	CIP2A	48882.0	3730.726220289008	0.593261175912718	1	0.12772063875874834
xenium_v1_ovarian_custom	soft_expected	ENSG00000163347	CLDN1	98674.0	16559.25816630571	0.9280029452712889	1	0.2981633719775376
xenium_v1_ovarian_custom	soft_expected	ENSG00000060718	COL11A1	2562.0	698.1445512307407	0.6193084671863626	1	0.10951633168220716
xenium_v1_ovarian_custom	soft_expected	ENSG00000168036	CTNNB1	346556.0	67654.89956955022	0.49493855596733877	1	0.12682292434016967
xenium_v1_ovarian_custom	soft_expected	ENSG00000107201	DDX58	92128.0	6436.282585019893	0.7794465859027593	1	0.19381328420371427
xenium_v1_ovarian_custom	soft_expected	ENSG00000050165	DKK3	8686.0	2793.710727934234	0.8759539587955605	1	0.23480224898632007
xenium_v1_ovarian_custom	soft_expected	ENSG00000118997	DNAH7	24310.0	2224.5662785946015	0.6085597913632417	1	0.13226213796675063
xenium_v1_ovarian_custom	soft_expected	ENSG00000142627	EPHA2	28091.0	2972.0249404293636	0.5161668650513316	1	0.01586823878673732
xenium_v1_ovarian_custom	soft_expected	ENSG00000078098	FAP	1138.0	100.0	0.5815024043081025	1	0.014881763099820706
xenium_v1_ovarian_custom	soft_expected	ENSG00000162747	FCGR3B	980.0	5.0	0.20324219390330703	1	-0.01115588274784966
xenium_v1_ovarian_custom	soft_expected	ENSG00000169919	GUSB	341072.0	9614.756616978924	0.6977903101550404	1	0.01949720829099895
xenium_v1_ovarian_custom	soft_expected	ENSG00000164683	HEY1	2750.0	286.47184029239287	0.7836018563960824	1	0.05332046989855941
xenium_v1_ovarian_custom	soft_expected	ENSG00000173110	HSPA6	1845.0	102.0	0.6391984862868567	1	0.02649363846810087
xenium_v1_ovarian_custom	soft_expected	ENSG00000090339	ICAM1	50429.0	2934.724609335166	0.9106997856424749	1	0.3146132882012367
xenium_v1_ovarian_custom	soft_expected	ENSG00000131203	IDO1	740.0	114.0	0.7813942827214944	1	0.0863534874730531
xenium_v1_ovarian_custom	soft_expected	ENSG00000137959	IFI44L	106390.0	18424.397123537365	0.8767203147390291	1	0.33895533037051545
xenium_v1_ovarian_custom	soft_expected	ENSG00000185811	IKZF1	1495.0	113.0	0.5322425763010754	1	0.010197348443024596
xenium_v1_ovarian_custom	soft_expected	ENSG00000100385	IL2RB	1072.0	79.49297418017359	0.8134712176860562	1	0.09418328854625206
xenium_v1_ovarian_custom	soft_expected	ENSG00000122641	INHBA	1704.0	168.9999277329426	0.5778673309668381	1	0.028927206184238375
xenium_v1_ovarian_custom	soft_expected	ENSG00000005844	ITGAL	4278.0	105.99761829454647	0.8582679758460661	1	0.07503057829297335
xenium_v1_ovarian_custom	soft_expected	ENSG00000169896	ITGAM	4532.0	420.9665186785878	0.7600068503808819	1	-0.0001825332852921557
xenium_v1_ovarian_custom	soft_expected	ENSG00000076706	MCAM	69116.0	3154.041440808473	0.8652810948451233	1	0.1906276326616184
xenium_v1_ovarian_custom	soft_expected	ENSG00000085276	MECOM	82381.0	19963.5365526694	0.7173460047462547	1	0.14777211403983168
xenium_v1_ovarian_custom	soft_expected	ENSG00000099953	MMP11	16045.0	4406.375359778384	0.8757494932412159	1	0.27319256607172876
xenium_v1_ovarian_custom	soft_expected	ENSG00000181143	MUC16	862099.0	114228.09923295109	0.9437048207882865	1	0.4310934514713264
xenium_v1_ovarian_custom	soft_expected	ENSG00000117983	MUC5B	140107.0	14743.21862817985	0.9394382120673404	1	0.4471676976959178
xenium_v1_ovarian_custom	soft_expected	ENSG00000157601	MX1	212822.0	12884.54982032214	0.950214395621251	1	0.32089574597233117
xenium_v1_ovarian_custom	soft_expected	ENSG00000149294	NCAM1	147748.0	9005.528625211522	0.8147497883792453	1	0.137438761127824
xenium_v1_ovarian_custom	soft_expected	ENSG00000104419	NDRG1	167785.0	192.64733930739854	0.8730860314868988	1	0.01692829124886949
xenium_v1_ovarian_custom	soft_expected	ENSG00000074181	NOTCH3	370887.0	48932.26522144509	0.8069380506734971	1	0.04786295975680487
xenium_v1_ovarian_custom	soft_expected	ENSG00000122133	PAEP	4677.0	796.4660726812526	0.6247660232237211	1	0.14528715814464435
xenium_v1_ovarian_custom	soft_expected	ENSG00000185920	PTCH1	39658.0	2574.6522099091385	0.8358656387545311	1	0.17975385563229226
xenium_v1_ovarian_custom	soft_expected	ENSG00000095303	PTGS1	127071.0	7648.4344502419735	0.8331983473812938	1	0.25497722918596744
xenium_v1_ovarian_custom	soft_expected	ENSG00000143248	RGS5	6569.0	5430.534728986571	0.8393431928651656	1	0.18876252821825623
xenium_v1_ovarian_custom	soft_expected	ENSG00000124935	SCGB1D2	15748.0	10689.612519910244	0.5898146725347281	1	0.337048645693735
xenium_v1_ovarian_custom	soft_expected	ENSG00000196136	SERPINA3	14112.0	1767.8639643447123	0.9013520309219665	1	0.19979189770452438
xenium_v1_ovarian_custom	soft_expected	ENSG00000117394	SLC2A1	308150.0	40621.90108458881	0.9001354375036248	1	0.2781548914016318
xenium_v1_ovarian_custom	soft_expected	ENSG00000125398	SOX9	45849.0	8373.542743957458	0.6566044861227668	1	0.16059097818557477
xenium_v1_ovarian_custom	soft_expected	ENSG00000105825	TFPI2	10479.0	3150.8039448992126	0.6624048478876858	1	0.15253979272638282
xenium_v1_ovarian_custom	soft_expected	ENSG00000181847	TIGIT	4132.0	477.9592883267243	0.389870527605776	1	0.04708971231648121
xenium_v1_ovarian_custom	soft_expected	ENSG00000078900	TP73	2013.0	1231.9276524211105	0.19750071649553705	1	0.08903719309459253
xenium_v1_ovarian_custom	soft_expected	ENSG00000159713	TPPP3	12290.0	2432.194225812247	0.5789750525789019	1	0.06510514039272915
xenium_v1_ovarian_custom	soft_expected	ENSG00000176890	TYMS	104896.0	16931.188563029635	0.7962538771425501	1	0.26308387046003306
xenium_v1_ovarian_custom	soft_expected	ENSG00000112715	VEGFA	88442.0	22710.183864946088	0.7658317451210733	1	0.26141707687515253
xenium_v1_ovarian_custom	soft_expected	ENSG00000114251	WNT5A	20169.0	3338.618753943394	0.8282939844056239	1	0.22958008444763658
