method	gene_count	target_reliability_mass_fraction	reliability_mass_fraction	reliability_weighted_gene_spatial_pearson	median_reliability_weighted_patch_profile_pearson
space_ranger	110	0.05	0.05034077001993832	0.2973871007733775	0.8837088227660155
space_ranger	226	0.1	0.10033183175077447	0.25255803792810305	0.8590107084009468
space_ranger	347	0.15	0.15017606949030426	0.23123746748571977	0.8414704295046216
space_ranger	475	0.2	0.2003579233844913	0.21884391966383782	0.8280483145025157
space_ranger	608	0.25	0.25028418058026075	0.20594086989399776	0.8270149743158033
space_ranger	747	0.3	0.30030921636244184	0.1951261993788517	0.8253472462804331
space_ranger	892	0.35	0.35010829515235514	0.1843186734034827	0.8244118212937411
space_ranger	1045	0.39999999999999997	0.40030227769020726	0.17510570705872427	0.8184726547514825
space_ranger	1204	0.44999999999999996	0.45013825408064106	0.1681522932935889	0.8172958031795499
space_ranger	1371	0.49999999999999994	0.5001051383151173	0.1626481297905088	0.814938213814923
space_ranger	1548	0.5499999999999999	0.550150437861162	0.15610104153307058	0.8103762023059159
space_ranger	1736	0.6	0.6001725352396928	0.15015213904040822	0.8062921302854438
space_ranger	1936	0.65	0.6502039257495581	0.1449585112814285	0.8047632525365981
space_ranger	2150	0.7	0.7001752344277453	0.13991841584137502	0.802679580865189
space_ranger	2383	0.75	0.7501731542103728	0.13477351619468153	0.7994614129242417
space_ranger	2639	0.7999999999999999	0.8001343416138579	0.12983302755170575	0.7931821449348322
space_ranger	2925	0.85	0.8500606441089013	0.12522851135156945	0.7898082514419869
space_ranger	3259	0.9	0.9001036585492564	0.12061267810583237	0.7860983822424883
space_ranger	3679	0.95	0.950070946276057	0.11578624899950163	0.7841831423314207
space_ranger	4635	1.0	1.0	0.11085728798075423	0.7836999758796412
strict	110	0.05	0.05034077001993832	0.2895265979986249	0.8812236174186665
strict	226	0.1	0.10033183175077447	0.24446519390505933	0.8558196938383115
strict	347	0.15	0.15017606949030426	0.2224105817068505	0.8384607080189225
strict	475	0.2	0.2003579233844913	0.2108171052795298	0.8236411059227733
strict	608	0.25	0.25028418058026075	0.1981361126118448	0.8232678824441828
strict	747	0.3	0.30030921636244184	0.18804576738828296	0.8217080515668481
strict	892	0.35	0.35010829515235514	0.17758279969486263	0.8205296350954476
strict	1045	0.39999999999999997	0.40030227769020726	0.16849838319036456	0.8138303615428479
strict	1204	0.44999999999999996	0.45013825408064106	0.16162339670320616	0.8123229366290678
strict	1371	0.49999999999999994	0.5001051383151173	0.15629972431200806	0.8097470471841839
strict	1548	0.5499999999999999	0.550150437861162	0.14997993556595043	0.8050743068972273
strict	1736	0.6	0.6001725352396928	0.14411233833428622	0.8004841117839219
strict	1936	0.65	0.6502039257495581	0.13908366828517238	0.7986789962117959
strict	2150	0.7	0.7001752344277453	0.1343192774580863	0.7963071297843916
strict	2383	0.75	0.7501731542103728	0.129275967259976	0.7918020466908751
strict	2639	0.7999999999999999	0.8001343416138579	0.12453978452633771	0.7864549203471456
strict	2925	0.85	0.8500606441089013	0.12007046942897928	0.7825934117562915
strict	3259	0.9	0.9001036585492564	0.11562350459706112	0.7790547642216707
strict	3679	0.95	0.950070946276057	0.1110314802870186	0.776657754084616
strict	4635	1.0	1.0	0.10625897015354611	0.7759950133904834
hard	110	0.05	0.05034077001993832	0.30172449081640157	0.8855215304865036
hard	226	0.1	0.10033183175077447	0.25614538664209385	0.8615158549378377
hard	347	0.15	0.15017606949030426	0.23468171281603784	0.8448839410079062
hard	475	0.2	0.2003579233844913	0.2223858730602428	0.8309128817946221
hard	608	0.25	0.25028418058026075	0.20914518986246922	0.8299224995661904
hard	747	0.3	0.30030921636244184	0.1982017258185081	0.8287594296112566
hard	892	0.35	0.35010829515235514	0.1875397753957959	0.8275063094764221
hard	1045	0.39999999999999997	0.40030227769020726	0.17813974553389236	0.8216056867633336
hard	1204	0.44999999999999996	0.45013825408064106	0.17107966507376146	0.8203411542884074
hard	1371	0.49999999999999994	0.5001051383151173	0.16547700821273761	0.81815122007204
hard	1548	0.5499999999999999	0.550150437861162	0.1588628673080971	0.8139699554733035
hard	1736	0.6	0.6001725352396928	0.15272777116404945	0.81007320739844
hard	1936	0.65	0.6502039257495581	0.14732111663963837	0.8084783387570098
hard	2150	0.7	0.7001752344277453	0.14226599948028126	0.8059820440882444
hard	2383	0.75	0.7501731542103728	0.13693421308884454	0.8016251820569047
hard	2639	0.7999999999999999	0.8001343416138579	0.13189651537642122	0.7962151125997561
hard	2925	0.85	0.8500606441089013	0.12723271101374026	0.793047943275776
hard	3259	0.9	0.9001036585492564	0.12254361614928969	0.7896907516920381
hard	3679	0.95	0.950070946276057	0.11765509046274923	0.7872653782479693
hard	4635	1.0	1.0	0.11262196888214861	0.7859674211808116
soft_expected	110	0.05	0.05034077001993832	0.302008638353712	0.8857032902193474
soft_expected	226	0.1	0.10033183175077447	0.2563541461677297	0.861457686362615
soft_expected	347	0.15	0.15017606949030426	0.23484858082757595	0.8448582285919124
soft_expected	475	0.2	0.2003579233844913	0.22255224382887348	0.8309077637882987
soft_expected	608	0.25	0.25028418058026075	0.20929571186444557	0.8298619923186812
soft_expected	747	0.3	0.30030921636244184	0.19834403991024951	0.8285850021789969
soft_expected	892	0.35	0.35010829515235514	0.18770492607222056	0.8275357058407597
soft_expected	1045	0.39999999999999997	0.40030227769020726	0.17827742252109546	0.8213998617405719
soft_expected	1204	0.44999999999999996	0.45013825408064106	0.17114763286822182	0.820138855324251
soft_expected	1371	0.49999999999999994	0.5001051383151173	0.16555586460994354	0.8182857060988739
soft_expected	1548	0.5499999999999999	0.550150437861162	0.15892852290254136	0.8139710063685284
soft_expected	1736	0.6	0.6001725352396928	0.15280873309155016	0.8100590727385831
soft_expected	1936	0.65	0.6502039257495581	0.1473725384400682	0.8086274571439505
soft_expected	2150	0.7	0.7001752344277453	0.1422860316076441	0.8060545047662244
soft_expected	2383	0.75	0.7501731542103728	0.13693019010344917	0.8015831100468362
soft_expected	2639	0.7999999999999999	0.8001343416138579	0.13192050437962755	0.796316546122536
soft_expected	2925	0.85	0.8500606441089013	0.12725577882514397	0.7928746521166073
soft_expected	3259	0.9	0.9001036585492564	0.12257417700359778	0.7895241187811355
soft_expected	3679	0.95	0.950070946276057	0.11769285850523958	0.7874429039568399
soft_expected	4635	1.0	1.0	0.11265042571422211	0.78612000749426
