xenium_abundance_rank	gene_id	gene_name	xenium_counts	space_ranger_visium_counts	space_ranger_spatial_pearson	strict_visium_counts	strict_spatial_pearson	hard_visium_counts	hard_spatial_pearson
1	ENSG00000181143	MUC16	862099.0	106907.0	0.4280291522330463	93367.0	0.3998535692917617	114595.0	0.4290419150185109
2	ENSG00000074181	NOTCH3	370887.0	45867.0	0.038407993326806	39951.0	0.0554684096837851	49073.0	0.0440115038937709
3	ENSG00000168036	CTNNB1	346556.0	63057.0	0.1342875333044622	55369.0	0.1351389789591265	67791.0	0.1300895568413662
4	ENSG00000169919	GUSB	341072.0	9010.0	0.0118454599595914	7868.0	0.0251088480893098	9644.0	0.0186325191018609
5	ENSG00000117394	SLC2A1	308150.0	38140.0	0.2420224799522832	33141.0	0.2511789548287068	40726.0	0.2740193710250999
6	ENSG00000157601	MX1	212822.0	11977.0	0.3155601090405245	10539.0	0.3049996488858824	12917.0	0.3172726471429266
7	ENSG00000101144	BMP7	167803.0	15828.0	0.2659373544698216	13917.0	0.2578209785413919	17032.0	0.2655948932170608
8	ENSG00000104419	NDRG1	167785.0	199.0	0.0153178309994606	158.0	0.0184916779539236	196.0	0.0201995299674035
9	ENSG00000149294	NCAM1	147748.0	8471.0	0.1297547448432715	7325.0	0.1422582200095247	9024.0	0.1376148611551582
10	ENSG00000117983	MUC5B	140107.0	13745.0	0.4401483272959386	12040.0	0.4204310014271762	14787.0	0.4468131223968311
11	ENSG00000095303	PTGS1	127071.0	7130.0	0.2377240916776135	6218.0	0.2296013966663728	7683.0	0.2539130669897097
12	ENSG00000137959	IFI44L	106390.0	17241.0	0.3254369597096768	15008.0	0.321188933891579	18471.0	0.3389294615962513
13	ENSG00000176890	TYMS	104896.0	15842.0	0.2390796187123716	13826.0	0.2528107748607425	16984.0	0.262306829471065
14	ENSG00000163347	CLDN1	98674.0	15541.0	0.296948809420239	13513.0	0.2860912561948641	16597.0	0.2964029969560323
15	ENSG00000107201	DDX58	92128.0	6017.0	0.2017658158322465	5212.0	0.1822670591934316	6458.0	0.1936525767258066
16	ENSG00000112715	VEGFA	88442.0	21292.0	0.2542670346493108	18475.0	0.2421300954687432	22795.0	0.2583933620246411
17	ENSG00000085276	MECOM	82381.0	18515.0	0.1401282698705701	16735.0	0.1372971847829805	20536.0	0.1500236367805756
18	ENSG00000076706	MCAM	69116.0	2920.0	0.1890421609400741	2586.0	0.1538757773896994	3159.0	0.1906117673313611
19	ENSG00000178999	AURKB	69094.0	5382.0	0.1181587401734904	4635.0	0.096925922160403	5693.0	0.1133800352267498
20	ENSG00000090339	ICAM1	50429.0	2758.0	0.3055955581027272	2398.0	0.2950556242191355	2946.0	0.3168812828458981
