xenium_abundance_rank	gene_id	gene_name	xenium_counts	space_ranger_visium_counts	space_ranger_spatial_pearson	strict_visium_counts	strict_spatial_pearson	hard_visium_counts	hard_spatial_pearson	soft_expected_visium_counts	soft_expected_spatial_pearson
1	ENSG00000181143	MUC16	862099.0	106907.0	0.4280291337404966	93289.0	0.4004736083660012	114496.0	0.429652378515077	114228.09923295108	0.4310934514712439
2	ENSG00000074181	NOTCH3	370887.0	45867.0	0.0384078276200425	39917.0	0.0555724685254395	49032.0	0.0441675323468105	48932.26522144509	0.0478629597568391
3	ENSG00000168036	CTNNB1	346556.0	63057.0	0.1342885058691292	55334.0	0.1348443986485509	67747.0	0.1297916582856678	67654.89956955022	0.126822924340305
4	ENSG00000169919	GUSB	341072.0	9010.0	0.0118447737943335	7862.0	0.024025851963666	9638.0	0.0175629708451549	9614.756616978924	0.0194972082910924
5	ENSG00000117394	SLC2A1	308150.0	38140.0	0.2420225261611021	33126.0	0.2512583419329872	40708.0	0.2741714165542856	40621.90108458881	0.2781548914016749
6	ENSG00000157601	MX1	212822.0	11977.0	0.3155598849444066	10534.0	0.3051521638274732	12910.0	0.3174064580998583	12884.54982032214	0.3208957459723452
7	ENSG00000101144	BMP7	167803.0	15828.0	0.2659370407277043	13905.0	0.2577474124969606	17018.0	0.2653261000312559	16993.915736365212	0.2664397435107378
8	ENSG00000104419	NDRG1	167785.0	199.0	0.0153173663212865	157.0	0.0147899426050289	195.0	0.0169775202143527	192.6473393073985	0.0169282912488681
9	ENSG00000149294	NCAM1	147748.0	8471.0	0.1297541314694122	7321.0	0.1422744128763878	9019.0	0.1376492496060307	9005.528625211522	0.1374387611278196
10	ENSG00000117983	MUC5B	140107.0	13745.0	0.4401481991099989	12034.0	0.4203580545243016	14781.0	0.4467844253348622	14743.21862817985	0.4471676976959177
11	ENSG00000095303	PTGS1	127071.0	7130.0	0.2377239490820146	6212.0	0.2308261170266629	7677.0	0.2551450896842369	7648.434450241973	0.2549772291859611
12	ENSG00000137959	IFI44L	106390.0	17241.0	0.3254365189083024	15000.0	0.3214585269708316	18463.0	0.3392538411172293	18424.397123537365	0.3389553303704895
13	ENSG00000176890	TYMS	104896.0	15842.0	0.2390791176196106	13813.0	0.2528481691129027	16968.0	0.2620771226181102	16931.188563029635	0.2630838704600096
14	ENSG00000163347	CLDN1	98674.0	15541.0	0.2969491289306752	13506.0	0.2860246668911581	16589.0	0.2962640125663135	16559.25816630571	0.2981633719775536
15	ENSG00000107201	DDX58	92128.0	6017.0	0.2017664593458256	5200.0	0.1809359527246631	6444.0	0.1922384487757964	6436.282585019893	0.1938132842037118
16	ENSG00000112715	VEGFA	88442.0	21292.0	0.2542660707577578	18448.0	0.2421779438407323	22763.0	0.2587375119751743	22710.183864946088	0.2614170768751498
17	ENSG00000085276	MECOM	82381.0	18515.0	0.140128169438421	16330.0	0.1364858406060035	20035.0	0.1477708736023249	19963.5365526694	0.1477721140398932
18	ENSG00000076706	MCAM	69116.0	2920.0	0.1890421265008916	2587.0	0.1550262669752534	3160.0	0.191135349789833	3154.041440808473	0.1906276326616191
19	ENSG00000178999	AURKB	69094.0	5382.0	0.1181586591302838	4647.0	0.0965272273060864	5706.0	0.1128996742369949	5688.051060710521	0.1156981869176429
20	ENSG00000090339	ICAM1	50429.0	2758.0	0.3055955751011717	2390.0	0.2945130875823483	2937.0	0.3162941897672937	2934.724609335166	0.3146132882012394
