field	field_role	policy	raw_molecule_mass	occupied_2um_bins	roi_2um_bins	complete_16um_parents	in_cell_mass	in_cell_mass_fraction	in_cell_area_fraction	in_cell_area_normalized_enrichment	in_nucleus_mass	in_nucleus_mass_fraction	in_nucleus_area_fraction	in_nucleus_area_normalized_enrichment	extracellular_mass	extracellular_mass_fraction	extracellular_area_fraction	extracellular_area_normalized_enrichment	in_cell_roc_auc	in_cell_average_precision	in_nucleus_roc_auc	in_nucleus_average_precision	cell_fraction_pearson_16um	cell_fraction_spearman_16um	nucleus_fraction_pearson_16um	nucleus_fraction_spearman_16um	in_cell_normalized_tv	in_nucleus_normalized_tv	equal_mass_normalization_applied	scope
space_ranger_common_axis	space_ranger_whole	space_ranger	72861605.0	10324456	11222500	174724	37392536.5625	0.5131994630436703	0.3352007128536422	1.5310213951357172	19351677.0	0.2655949865501865	0.1576597905992426	1.6846082665763886	35469068.4375	0.48680053695632974	0.6647992871463577	0.7322518937195536	0.7356102868556628	0.527596410364325	0.7151116438481776	0.28223449755650615	0.4890176530931211	0.6346810136740083	0.518983880469732	0.6318014851905855	0.547081461683063	0.7361259567535323	False	space_ranger_barcode_axis
hard_star_common_axis	star_whole_common_axis	hard	76226984.0	10466176	11222500	174724	39099203.375	0.512931265587	0.3352007128536422	1.5302212850930295	20231309.4375	0.2654087617778502	0.1576597905992426	1.683427085429132	37127780.625	0.48706873441299997	0.6647992871463577	0.7326553199293221	0.735689133104178	0.5277064957017049	0.7151917583926184	0.2822998151100562	0.4895409048270449	0.6348220424736449	0.5194471560770842	0.631950054312288	0.546762545144814	0.7362373165643286	False	space_ranger_barcode_axis
hard_shared_spatial_bin_mass	shared_spatial_bin_mass	hard	72716867.0	10260736	11222500	174724	37337178.1875	0.5134596652452037	0.3352007128536422	1.5317976530360011	19324614.25	0.2657514693255418	0.1576597905992426	1.6856008010378423	35379688.8125	0.4865403347547963	0.6647992871463577	0.731860494079746	0.7356056689290223	0.5275893362240756	0.7151022477075968	0.2822227752646864	0.48900792677594296	0.6347026384733545	0.5189867924590479	0.6318245652195648	0.547054458400973	0.7359788602717929	False	space_ranger_barcode_axis
hard_star_positive_spatial_bin_residual	star_positive_spatial_bin_residual	hard	3510117.0	7856320	11222500	174724	1762025.1875	0.5019847450953914	0.3352007128536422	1.4975646704980954	906695.1875	0.2583091069329028	0.1576597905992426	1.6383955982124954	1748091.8125	0.4980152549046086	0.6647992871463577	0.7491212228014452	0.6777417502684338	0.48274610574040366	0.663209715194124	0.2521595546191856	0.4613983657786357	0.6010173000440377	0.48739355639622733	0.5984756309340069	0.5837977027765341	0.7486215270110245	False	space_ranger_barcode_axis
hard_space_ranger_positive_spatial_bin_residual	space_ranger_positive_spatial_bin_residual	hard	144738.0	1047672	11222500	174724	55358.375	0.38247298567066007	0.3352007128536422	1.1410267669617344	27062.75	0.18697750417996656	0.1576597905992426	1.1859555532155122	89379.625	0.6175270143293399	0.6647992871463577	0.9288924134983154	0.4926296769621306	0.33878123820152267	0.4927763320008789	0.16004702969700885	0.04989869920233711	-0.0545365232259247	0.05009328847144015	-0.05854951996809303	0.9175557380927696	0.9282433891222528	False	space_ranger_barcode_axis
hard_star_full_axis	star_whole_full_capture_axis	hard	76226984.0	10466176	10834312	159259	39099203.375	0.512931265587	0.34705581674221675	1.477950349317991	20231309.4375	0.2654087617778502	0.16323380755510825	1.6259423568751061	37127780.625	0.48706873441299997	0.6529441832577833	0.7459576896494146	0.7215938086230658	0.5278024087671378	0.703361839336621	0.2823613811314772	0.4425166422129278	0.5473150549335785	0.4831368016764645	0.5546985324104314	0.5466976004575215	0.7362331108760319	False	star_capture_barcode_axis
soft_expected_star_common_axis	star_whole_common_axis	soft_expected	76172283.06590767	10833048	11222500	174724	39067517.851837225	0.5128836406023731	0.3352007128536422	1.530079206085436	20214978.481861092	0.2653849624589851	0.1576597905992426	1.6832761317917164	37104765.2140705	0.48711635939762754	0.6647992871463577	0.7327269580696576	0.7358596899251415	0.5283105700093048	0.7153508344882689	0.2826982345226068	0.4897275756930227	0.6349026773085573	0.5196409534096786	0.6320368765219205	0.5465727590661515	0.7362292639476116	False	space_ranger_barcode_axis
soft_expected_shared_spatial_bin_mass	shared_spatial_bin_mass	soft_expected	72673821.27993315	10318352	11222500	174724	37316698.52430498	0.5134819920995257	0.3352007128536422	1.5318642604549768	19314160.666650463	0.2657650351459299	0.1576597905992426	1.6856868459344931	35357122.75562808	0.48651800790047295	0.6647992871463577	0.7318269097261598	0.7356623607566704	0.5277732083486738	0.7151437613137899	0.2823221535425995	0.48900248099746024	0.6347242739209129	0.5189871716704519	0.6318431621335413	0.5470488925551666	0.7359621351717995	False	space_ranger_barcode_axis
soft_expected_star_positive_spatial_bin_residual	star_positive_spatial_bin_residual	soft_expected	3498461.78597466	8837176	11222500	174724	1750819.3275322882	0.5004540379864448	0.3352007128536422	1.492998131555158	900817.8152106389	0.25748968270055694	0.1576597905992426	1.63319817768294	1747642.4584423664	0.4995459620135536	0.6647992871463577	0.7514237329553227	0.6670598442969052	0.4857859160246628	0.6529612724133106	0.25363936453825053	0.4560831224005487	0.5976725262255578	0.4815266632685886	0.5949272940023743	0.5910584678507355	0.750558733828104	False	space_ranger_barcode_axis
soft_expected_space_ranger_positive_spatial_bin_residual	space_ranger_positive_spatial_bin_residual	soft_expected	187783.72006695566	1683888	11222500	174724	75838.03819502825	0.4038584290905923	0.3352007128536422	1.2048256868323781	37516.33334954237	0.199784802091287	0.1576597905992426	1.2671893152460318	111945.68187192765	0.596141570909409	0.6647992871463577	0.8967241428135986	0.48794137107490226	0.3434011573189898	0.4883245955158069	0.16281368593491718	0.08097374111886253	-0.04863983764103205	0.08240081152892245	-0.05314261819065525	0.8919055623281948	0.9136278429976231	False	space_ranger_barcode_axis
soft_expected_star_full_axis	star_whole_full_capture_axis	soft_expected	76172283.06590773	10833048	10834312	159259	39067517.85183728	0.5128836406023735	0.34705581674221675	1.4778131235971443	20214978.4818611	0.26538496245898496	0.16323380755510825	1.6257965579182496	37104765.214070424	0.48711635939762615	0.6529441832577833	0.7460306284791758	0.7217623069253871	0.5283967992323692	0.7035201313970849	0.28275557389902656	0.4427000471331463	0.5474285427385817	0.4833314500079727	0.5548198154184584	0.546507600813202	0.7362251349158465	False	star_capture_barcode_axis
