method	gene_count	gene_coverage_fraction	median_patch_profile_pearson	median_gene_spatial_pearson
space_ranger	246	0.0500916310323763	0.5017021598754426	0.14797509858023647
space_ranger	492	0.1001832620647526	0.5291824868239643	0.134495353147148
space_ranger	737	0.15007126858073713	0.5423096085097627	0.11547163378720111
space_ranger	983	0.20016289961311343	0.5475154613446515	0.1063175756077731
space_ranger	1228	0.2500509061290979	0.5607895057072858	0.10209376164124485
space_ranger	1474	0.30014253716147427	0.566242644408478	0.09594611797949629
space_ranger	1719	0.3500305436774588	0.5721115900291142	0.0914673828220951
space_ranger	1965	0.4001221747098351	0.5894987924574979	0.08718968921364517
space_ranger	2210	0.4500101812258196	0.6063233940955002	0.08348818900075726
space_ranger	2456	0.5001018122581958	0.621375741472746	0.07973461153032663
space_ranger	2702	0.5501934432905722	0.6356149027523992	0.07718894590606759
space_ranger	2947	0.6000814498065568	0.6552047507653962	0.07574613673044281
space_ranger	3193	0.650173080838933	0.6726430422529385	0.0744187389107225
space_ranger	3438	0.7000610873549176	0.6915827315003751	0.07328682100187975
space_ranger	3684	0.7501527183872938	0.709666313977767	0.07120550095926123
space_ranger	3929	0.8000407249032784	0.7288970419706549	0.06834739908656262
space_ranger	4175	0.8501323559356546	0.7452403292439358	0.06475945194535783
space_ranger	4420	0.9000203624516392	0.7586744586208376	0.06064389861862823
space_ranger	4666	0.9501119934840154	0.7688168025299257	0.056881586504594114
space_ranger	4911	1.0	0.7781783888813446	0.0525307415210871
strict	246	0.0500916310323763	0.4907105553361125	0.14299016094613765
strict	492	0.1001832620647526	0.5207140212656275	0.12951584581485004
strict	737	0.15007126858073713	0.5327772500420892	0.11507526886658857
strict	983	0.20016289961311343	0.5370836717174163	0.10562384148687061
strict	1228	0.2500509061290979	0.5513555089999037	0.10074948898378407
strict	1474	0.30014253716147427	0.5564354745816857	0.09545270598790931
strict	1719	0.3500305436774588	0.5580506998483263	0.09139096080050971
strict	1965	0.4001221747098351	0.5768960579933783	0.08623968070502938
strict	2210	0.4500101812258196	0.5933170525787059	0.08141837179107647
strict	2456	0.5001018122581958	0.609118167410376	0.07852938353884661
strict	2702	0.5501934432905722	0.6233385156805831	0.07648183174413054
strict	2947	0.6000814498065568	0.6428864995552881	0.07453873002845746
strict	3193	0.650173080838933	0.6608205311584792	0.07237933737256617
strict	3438	0.7000610873549176	0.6804261669249388	0.0711717130899682
strict	3684	0.7501527183872938	0.6991348013063254	0.06808566324981699
strict	3929	0.8000407249032784	0.717867564809564	0.06495847007951
strict	4175	0.8501323559356546	0.7341522528820732	0.06168853309270127
strict	4420	0.9000203624516392	0.7481765631548403	0.05787059769535236
strict	4666	0.9501119934840154	0.7573478022471729	0.053427003266889594
strict	4911	1.0	0.7669991929620532	0.04932996418927603
hard	246	0.0500916310323763	0.4971842467054558	0.14744826716475395
hard	492	0.1001832620647526	0.5280648068224087	0.1347345188111921
hard	737	0.15007126858073713	0.5414135920338136	0.11710061772344459
hard	983	0.20016289961311343	0.5456563461648902	0.11013006881062017
hard	1228	0.2500509061290979	0.56063605560889	0.10563828865117306
hard	1474	0.30014253716147427	0.5674443878553688	0.0987424136825138
hard	1719	0.3500305436774588	0.5699859285522928	0.09180261830568494
hard	1965	0.4001221747098351	0.5887982972710668	0.08847267491048598
hard	2210	0.4500101812258196	0.6064279462515181	0.08518356563881141
hard	2456	0.5001018122581958	0.6215482928016025	0.08162631091036701
hard	2702	0.5501934432905722	0.6359551069971349	0.07987063463308217
hard	2947	0.6000814498065568	0.6560774018783433	0.07702548918374715
hard	3193	0.650173080838933	0.6737494426324122	0.07575534039938597
hard	3438	0.7000610873549176	0.6934385995300791	0.07428228704617051
hard	3684	0.7501527183872938	0.7118158425686206	0.07165864231001645
hard	3929	0.8000407249032784	0.7304928091950502	0.06878315279755783
hard	4175	0.8501323559356546	0.7464749835959261	0.06585484943275012
hard	4420	0.9000203624516392	0.7602062011471376	0.06131956263967098
hard	4666	0.9501119934840154	0.7692174989892299	0.05701214624028551
hard	4911	1.0	0.7788244410346006	0.052437176158168154
