method	gene_count	target_reliability_mass_fraction	reliability_mass_fraction	reliability_weighted_gene_spatial_pearson	median_reliability_weighted_patch_profile_pearson	gene_set
space_ranger	3	0.05	0.07252975442299028	0.3946784548091015	0.9538043812156198	xenium_v1_ovarian_custom
space_ranger	5	0.1	0.11991756962816166	0.3577539737271483	0.8825209993398623	xenium_v1_ovarian_custom
space_ranger	7	0.15	0.16630427357115063	0.3257280443583907	0.8673375515301025	xenium_v1_ovarian_custom
space_ranger	9	0.2	0.21177531173076738	0.3127486362153961	0.857517732233427	xenium_v1_ovarian_custom
space_ranger	11	0.25	0.25682548528937693	0.30322999357640396	0.8659951229619725	xenium_v1_ovarian_custom
space_ranger	13	0.3	0.30123250155626313	0.2734951576218131	0.7385454581191231	xenium_v1_ovarian_custom
space_ranger	16	0.35	0.3666651760676904	0.2530698048248639	0.7532416261375068	xenium_v1_ovarian_custom
space_ranger	18	0.39999999999999997	0.4097632100529379	0.2503771871472441	0.7424572845702244	xenium_v1_ovarian_custom
space_ranger	20	0.44999999999999996	0.4522860739916789	0.2439480248498983	0.7354599697585262	xenium_v1_ovarian_custom
space_ranger	23	0.49999999999999994	0.5142684328718172	0.23067693513250673	0.7499683776038479	xenium_v1_ovarian_custom
space_ranger	25	0.5499999999999999	0.5550086221588018	0.22389205117054267	0.7702065013443762	xenium_v1_ovarian_custom
space_ranger	28	0.6	0.6145717404853261	0.2158409091428986	0.7703898651347987	xenium_v1_ovarian_custom
space_ranger	30	0.65	0.652881514259207	0.20828346052661992	0.7849194392771277	xenium_v1_ovarian_custom
space_ranger	33	0.7	0.7076408955387425	0.19607415733778658	0.7920406020881633	xenium_v1_ovarian_custom
space_ranger	36	0.75	0.7601005439872903	0.18885202521208763	0.7750380964928387	xenium_v1_ovarian_custom
space_ranger	39	0.7999999999999999	0.808894751667124	0.18345031293235142	0.7795777176168195	xenium_v1_ovarian_custom
space_ranger	42	0.85	0.8558248635602004	0.17983818326686557	0.7813443013581662	xenium_v1_ovarian_custom
space_ranger	45	0.9	0.9008121212764229	0.179366764612856	0.7712409725411986	xenium_v1_ovarian_custom
space_ranger	49	0.95	0.9552024678433496	0.17159957953078275	0.786750457275901	xenium_v1_ovarian_custom
space_ranger	56	1.0	1.0	0.165526820333286	0.7933574123543032	xenium_v1_ovarian_custom
strict	3	0.05	0.07252975442299028	0.37518982113395677	0.9500481069991553	xenium_v1_ovarian_custom
strict	5	0.1	0.11991756962816166	0.34173835771557526	0.8818617567144122	xenium_v1_ovarian_custom
strict	7	0.15	0.16630427357115063	0.3105175321666423	0.8681179000541982	xenium_v1_ovarian_custom
strict	9	0.2	0.21177531173076738	0.302501081744056	0.8534915981225886	xenium_v1_ovarian_custom
strict	11	0.25	0.25682548528937693	0.2959380612858181	0.8615830992812675	xenium_v1_ovarian_custom
strict	13	0.3	0.30123250155626313	0.26494134856852575	0.7364796959735127	xenium_v1_ovarian_custom
strict	16	0.35	0.3666651760676904	0.24422685143226008	0.7497958518558444	xenium_v1_ovarian_custom
strict	18	0.39999999999999997	0.4097632100529379	0.24199213609079034	0.7378987747690984	xenium_v1_ovarian_custom
strict	20	0.44999999999999996	0.4522860739916789	0.23643424399714633	0.728717814287268	xenium_v1_ovarian_custom
strict	23	0.49999999999999994	0.5142684328718172	0.22408002783417127	0.7448273319682737	xenium_v1_ovarian_custom
strict	25	0.5499999999999999	0.5550086221588018	0.21891011557763637	0.7648435234910651	xenium_v1_ovarian_custom
strict	28	0.6	0.6145717404853261	0.2111016475212619	0.7646465191373724	xenium_v1_ovarian_custom
strict	30	0.65	0.652881514259207	0.2036075813508383	0.7795189368922836	xenium_v1_ovarian_custom
strict	33	0.7	0.7076408955387425	0.19076020569243637	0.7870873171887883	xenium_v1_ovarian_custom
strict	36	0.75	0.7601005439872903	0.18413230612518822	0.7702728618667105	xenium_v1_ovarian_custom
strict	39	0.7999999999999999	0.808894751667124	0.1784799785791886	0.7744456703661997	xenium_v1_ovarian_custom
strict	42	0.85	0.8558248635602004	0.1745639910635127	0.7757881358468415	xenium_v1_ovarian_custom
strict	45	0.9	0.9008121212764229	0.1741032156646678	0.7638668662383221	xenium_v1_ovarian_custom
strict	49	0.95	0.9552024678433496	0.1668650000290756	0.7800137385906709	xenium_v1_ovarian_custom
strict	56	1.0	1.0	0.16043548401582958	0.7866593502950008	xenium_v1_ovarian_custom
hard	3	0.05	0.07252975442299028	0.39781415652058877	0.954086826529295	xenium_v1_ovarian_custom
hard	5	0.1	0.11991756962816166	0.3617546149036136	0.8840920679702677	xenium_v1_ovarian_custom
hard	7	0.15	0.16630427357115063	0.32878676079989294	0.8719619786390127	xenium_v1_ovarian_custom
hard	9	0.2	0.21177531173076738	0.31999310433862843	0.8597447789287811	xenium_v1_ovarian_custom
hard	11	0.25	0.25682548528937693	0.3118930096431173	0.8688476552566438	xenium_v1_ovarian_custom
hard	13	0.3	0.30123250155626313	0.2813584496025985	0.7428290427320272	xenium_v1_ovarian_custom
hard	16	0.35	0.3666651760676904	0.26121743911411793	0.755867318607841	xenium_v1_ovarian_custom
hard	18	0.39999999999999997	0.4097632100529379	0.2576934474633396	0.7444575817748664	xenium_v1_ovarian_custom
hard	20	0.44999999999999996	0.4522860739916789	0.2506543700873	0.7392656002601383	xenium_v1_ovarian_custom
hard	23	0.49999999999999994	0.5142684328718172	0.2366845051054433	0.7532269347399128	xenium_v1_ovarian_custom
hard	25	0.5499999999999999	0.5550086221588018	0.23051358010143408	0.772724102347141	xenium_v1_ovarian_custom
hard	28	0.6	0.6145717404853261	0.22215475872765697	0.7714867508672476	xenium_v1_ovarian_custom
hard	30	0.65	0.652881514259207	0.2136870836517965	0.7851286526847921	xenium_v1_ovarian_custom
hard	33	0.7	0.7076408955387425	0.20061883517566872	0.7936545213355388	xenium_v1_ovarian_custom
hard	36	0.75	0.7601005439872903	0.1936718116625748	0.7772383504503466	xenium_v1_ovarian_custom
hard	39	0.7999999999999999	0.808894751667124	0.18770150795928833	0.7829212754839174	xenium_v1_ovarian_custom
hard	42	0.85	0.8558248635602004	0.1842225067618869	0.7849011678961975	xenium_v1_ovarian_custom
hard	45	0.9	0.9008121212764229	0.18377931501406997	0.7741010152276632	xenium_v1_ovarian_custom
hard	49	0.95	0.9552024678433496	0.1758203674090888	0.7901057829758855	xenium_v1_ovarian_custom
hard	56	1.0	1.0	0.16953077778482015	0.7967640743269875	xenium_v1_ovarian_custom
