umi_mode	policy	scale_um	open_raw_mass	space_ranger_raw_mass	signed_mass_difference	absolute_mass_difference	mass_ratio	union_nonzero_entries	union_axis_l1	exact_entries	exact_entry_fraction	gene_total_pearson	gene_total_spearman	bin_total_pearson	bin_total_spearman	cosine_similarity	normalized_total_variation
1mm_cr	strict	2	164293957.0	187552358.0	-23258401.0	23258401.0	0.8759898235990187	189701273	45402515.0	144803593	0.7633243083192173	0.9989372785643793	0.9898575334552684	0.9818604993747987	0.9858266753629942	0.8826371482824544	0.18098840056183382
1mm_cr	postcollapse_soft	2	201338570.9680438	187552358.0	13786212.968043804	13786212.968043804	1.0735059431673144	241003673	50197293.80370326	141731301	0.588087721799991	0.9989131572459613	0.9902806531780689	0.9842914460856512	0.988219977725372	0.9050783581067322	0.15754002352242455
1mm_cr	postcollapse_hard	2	201888275.0	187552358.0	14335917.0	14335917.0	1.0764368795619195	204872435	40755831.0	164476591	0.8028244063189858	0.9989249728950055	0.9902861228191959	0.9860760800762801	0.9882826176895488	0.9049930468286114	0.13556224648184909
1mm_cr	gated_hard	2	179610526.0	187552358.0	-7941832.0	7941832.0	0.9576553870892949	196487403	44683098.0	152229071	0.7747523183458229	0.9989490631194656	0.9901298158392902	0.9794281292119277	0.9850169968324523	0.8881479732935091	0.13978024408682138
1mm_cr	strict	8	164293957.0	187552358.0	-23258401.0	23258401.0	0.8759898235990187	149975241	41365013.0	111390097	0.7427232405647543	0.9989372785643793	0.9898575334552684	0.9985421908006767	0.9980574921756203	0.9473485733328603	0.15739462122354758
1mm_cr	postcollapse_soft	8	201338570.96804357	187552358.0	13786212.968043566	13786212.968043566	1.073505943167313	166557056	28650621.544222333	120123864	0.7212175027877534	0.9989131572459613	0.990284596512144	0.9991016657395769	0.9986199447652934	0.9737652506320904	0.09809468366199524
1mm_cr	postcollapse_hard	8	201888275.0	187552358.0	14335917.0	14335917.0	1.0764368795619195	156005250	23915271.0	133269824	0.8542649942870513	0.9989249728950055	0.9902861228191959	0.9993627686726319	0.9987315731481988	0.9744224238230514	0.08874118455720562
1mm_cr	gated_hard	8	179610526.0	187552358.0	-7941832.0	7941832.0	0.9576553870892949	151920374	32251362.0	121157286	0.7975051851833909	0.9989490631194656	0.9901298158392902	0.9988203896844607	0.9983672417292656	0.9609972053116747	0.10367455268033071
1mm_cr	strict	16	164293957.0	187552358.0	-23258401.0	23258401.0	0.8759898235990187	118458626	38548845.0	85460512	0.7214376435532859	0.9989372785643793	0.9898575334552684	0.9994304274438379	0.9993181527354698	0.979202466177977	0.13621785658986105
1mm_cr	postcollapse_soft	16	201338570.96804434	187552358.0	13786212.96804434	13786212.96804434	1.0735059431673173	126567338	22188243.484523963	96953937	0.7660265162565084	0.9989131572459613	0.9902833115772555	0.9997053019486041	0.9994595684994861	0.9909890231035523	0.07634567857709068
1mm_cr	postcollapse_hard	16	201888275.0	187552358.0	14335917.0	14335917.0	1.0764368795619195	122077330	19828223.0	104544604	0.8563801649331616	0.9989249728950055	0.9902861228191959	0.9997906268813775	0.999533573524919	0.9912585736590085	0.07225006488212637
1mm_cr	gated_hard	16	179610526.0	187552358.0	-7941832.0	7941832.0	0.9576553870892949	119484934	28039320.0	94126428	0.7877681716759369	0.9989490631194656	0.9901298158392902	0.9996076708316116	0.9994523234070659	0.9854634019476978	0.08886357739814695
