scope	method	gene_count	xenium_positive_gene_count	cancer_rich_patch_count	cancer_poor_patch_count	raw_cancer_rich_panel_mass	raw_cancer_poor_panel_mass	raw_cancer_rich_panel_mass_per_patch	raw_cancer_poor_panel_mass_per_patch	raw_cancer_rich_to_poor_mass_per_patch	effect_pearson_vs_xenium	effect_spearman_vs_xenium	mean_absolute_effect_error_vs_xenium	effect_direction_agreement_vs_xenium	mean_reference_oriented_gene_auc	median_reference_oriented_gene_auc	mean_xenium_positive_gene_auc	median_xenium_positive_gene_auc	signed_panel_score_auc	positive_panel_score_auc	raw_cancer_rich_panel_mass_ratio_vs_space_ranger	raw_cancer_poor_panel_mass_ratio_vs_space_ranger	mean_oriented_gene_auc_delta_vs_space_ranger	median_oriented_gene_auc_delta_vs_space_ranger	gene_auc_wins_vs_space_ranger	gene_auc_ties_vs_space_ranger	gene_auc_losses_vs_space_ranger	mean_oriented_gene_auc_delta_vs_space_ranger_ci95_low	mean_oriented_gene_auc_delta_vs_space_ranger_ci95_high	mean_positive_gene_auc_delta_vs_space_ranger	median_positive_gene_auc_delta_vs_space_ranger	positive_gene_auc_wins_vs_space_ranger	positive_gene_auc_ties_vs_space_ranger	positive_gene_auc_losses_vs_space_ranger	mean_positive_gene_auc_delta_vs_space_ranger_ci95_low	mean_positive_gene_auc_delta_vs_space_ranger_ci95_high
full_reference_panel	xenium	56	25	663	102	1806200.0	61835.0	2724.2835595776774	606.2254901960785	4.49384528304234	0.9999999999999999	1.0	0.0	1.0	0.6977022520923905	0.7017308431668294	0.7649895010794667	0.7869680300476148	0.9903291633395439	0.9850649158607636	9.575714520498561	4.557750423822511	0.16153986104245618	0.17526173365273712	49	0	7	0.13463419540138832	0.18754500197514906	0.18776328630999914	0.1982299707213202	23	0	2	0.15126671694318755	0.22254062786502238
full_reference_panel	space_ranger	56	25	663	102	188623.0	13567.0	284.499245852187	133.00980392156862	2.138934405316067	0.868027013945609	0.8507177033492823	0.2805687473881378	0.8214285714285714	0.5361623910499344	0.516365746902079	0.5772262147694674	0.5856253511962856	0.7160855292343181	0.7142371277319375	1.0	1.0	0.0	0.0	0	56	0	0.0	0.0	0.0	0.0	0	25	0	0.0	0.0
full_reference_panel	soft_expected	56	25	663	102	201700.8233326217	14629.31093112666	304.2244695816315	143.42461697183	2.12114542123117	0.8784350092973428	0.8471633629528368	0.282261044249578	0.7857142857142857	0.5364198469734802	0.5131938899239938	0.5738668559429805	0.5863055629491615	0.7045071422234052	0.7138230857954041	1.0693331318695052	1.07830109317658	0.00025745592354590806	0.0	27	2	27	-0.002595726733378105	0.0030827079134821416	-0.0033593588264868315	-0.0016044125040663992	11	0	14	-0.007063082246473196	0.00016390145801912007
full_reference_panel	hard	56	25	663	102	202145.0	14632.0	304.89441930618403	143.45098039215685	2.1254258316860835	0.8741091668070462	0.8396445659603555	0.28313186843203797	0.7857142857142857	0.5357966716098204	0.5134193949072843	0.5741688108124093	0.5829932274568952	0.7055274598527194	0.7152426581492325	1.071687970183912	1.0784992997715044	-0.0003657194401138942	-0.0003216218614142119	24	2	30	-0.003004074933140665	0.0023135880483415162	-0.0030574039570579357	-0.00030313784639035557	12	0	13	-0.006594608582497884	0.00010370271788956918
full_reference_panel	hard_shared	56	25	663	102	188239.0	13511.0	283.920060331825	132.4607843137255	2.1434272928610874	0.8688558465807239	0.8507177033492823	0.28030284368308633	0.8214285714285714	0.5363224098085689	0.517822287285955	0.5779436902966314	0.5903942270724278	0.714710318516547	0.714444148700204	0.9979641931259708	0.9958723372890101	0.0001600187586346847	0.0	22	8	26	-0.00045419515845552145	0.0008307409502262561	0.0007174755271641065	-0.0003401058764380682	9	0	16	-0.00034159938485195195	0.0019575385206873114
full_reference_panel	hard_star_excess	56	25	663	102	13906.0	1121.0	20.974358974358974	10.990196078431373	1.9084608522610307	0.577193049132068	0.5957723133527644	0.31516553772548417	0.625	0.5155758193171688	0.5066394581965517	0.5471404489397569	0.5473560464909946	0.6428444681039838	0.735508532221335	0.07372377705794098	0.08262696248249429	-0.020586571732765502	-0.01147857332978447	21	0	35	-0.03698114379613081	-0.005286758368505778	-0.030085765829710474	-0.029596604856120368	4	0	21	-0.04906130778103097	-0.010722976370035208
full_reference_panel	hard_space_ranger_only	56	25	663	102	384.0	56.0	0.579185520361991	0.5490196078431373	1.054945054945055	-0.06390453190635619	0.003698637945153088	0.38050598448582384	0.44642857142857145	0.5007443776907444	0.5	0.5009268624493537	0.5015082956259427	0.5265134711501493	0.5030018040398663	0.002035806874029148	0.004127662710989902	-0.03541801335918982	-0.015079259456422078	20	0	36	-0.05283794324668026	-0.01860640560900078	-0.07629935232011358	-0.08851625114600892	1	0	24	-0.09612264513648595	-0.05604326738236773
full_reference_panel	soft_expected_shared	56	25	663	102	188007.2422670145	13495.130296011403	283.5705011568846	132.30519898050395	2.143305806135937	0.8700842545736474	0.8478468899521532	0.2798860673506479	0.8214285714285714	0.5365649464914171	0.5171235915180552	0.5781731878271671	0.5909117794930944	0.7144145742761658	0.7140744683997279	0.9967355108709675	0.9947026089785068	0.0004025554414827758	0.0	26	8	22	-0.0001466937642326834	0.0010188752159989085	0.0009469730576997026	-2.218081802851657e-05	12	0	13	-0.0001561825333451676	0.0022251944518380546
full_reference_panel	soft_expected_star_excess	56	25	663	102	13693.581065607177	1134.1806351152568	20.653968424746875	11.119417991326047	1.8574684790929228	0.6007813277069757	0.6287188777212857	0.31482753681074055	0.6428571428571429	0.5162499577508228	0.5059000975955993	0.5469635938840091	0.5475852482772897	0.6398130896400793	0.7188359506698607	0.0725976209985377	0.08359848419807303	-0.019912433299111482	-0.009519267737260861	25	0	31	-0.03627993618261782	-0.004370485939473814	-0.030262620885458252	-0.023193742051873578	5	0	20	-0.04933490817141333	-0.011216943187531437
full_reference_panel	soft_expected_space_ranger_only	56	25	663	102	615.757732985505	71.86970398859788	0.9287446953024208	0.7046049410646851	1.3181069861631285	0.019608162484955623	0.06890423148233346	0.37187268223701503	0.42857142857142855	0.502331362409217	0.5007208765859285	0.5074506846479165	0.5065063732883802	0.5480954070919469	0.5775219590098484	0.003264489129032541	0.005297391021493173	-0.03383102864071721	-0.014765031201017353	21	0	35	-0.050157747865360314	-0.017517126100062962	-0.06977553012155088	-0.08008754029515275	2	0	23	-0.08992036346967143	-0.04933557359595422
exclude_mecom	xenium	55	24	663	102	1772699.0	60990.0	2673.7541478129715	597.9411764705883	4.471600640710331	0.9999999999999999	1.0	0.0	1.0	0.6976418429705626	0.7024369325407389	0.7676546988830726	0.7919328364830095	0.9864549137905538	0.981649069884364	9.763278771589707	4.667840195928363	0.16109565175309118	0.17429686806849443	48	0	7	0.13342645580102327	0.1880515025151703	0.1878379494080186	0.2034387661550291	22	0	2	0.1492179259209969	0.22484625150336657
exclude_mecom	space_ranger	55	24	663	102	181568.0	13066.0	273.8582202111614	128.09803921568627	2.137879876131828	0.8670443574993808	0.8469696969696973	0.28212796111056654	0.8181818181818182	0.5365461912174715	0.5176781119687694	0.579816749475054	0.5879210658622425	0.7141631916718422	0.7111022387838997	1.0	1.0	0.0	0.0	0	55	0	0.0	0.0	0.0	0.0	0	24	0	0.0	0.0
exclude_mecom	soft_expected	55	24	663	102	194106.43487923103	14078.707887756676	292.76988669567277	138.02654791918312	2.121112866396503	0.8775590120773002	0.8435786435786438	0.283602494009357	0.7818181818181819	0.5370769176997551	0.5151938603495697	0.576932935064423	0.5880541507704138	0.7033537396859197	0.7111466004199568	1.0690564134606926	1.0775071091195987	0.0005307264822835934	0.0	27	2	26	-0.002229249508661256	0.003425289627711782	-0.002883814410631	-0.0010092272202998354	11	0	13	-0.006535046616685883	0.0005992748720906048
exclude_mecom	hard	55	24	663	102	194526.0	14080.0	293.4027149321267	138.0392156862745	2.1255026223776223	0.8731087918889611	0.8356421356421357	0.284598888100532	0.7818181818181819	0.5363762727084527	0.5143583828704936	0.5770959024635495	0.5879691243013042	0.7036938455623577	0.7124035134415758	1.0713672012689461	1.077606000306138	-0.00016991850901884446	-0.00030313784639035557	24	2	29	-0.002846598806806406	0.0025610106924985904	-0.0027208470115044486	0.00022550498329049207	12	0	12	-0.006409740398170328	0.0005508390510553276
exclude_mecom	hard_shared	55	24	663	102	181206.0	13012.0	273.3122171945701	127.56862745098039	2.1424720376457236	0.8676544915310944	0.8463203463203465	0.2821337116149201	0.8181818181818182	0.536680889276045	0.5190385354745216	0.5804994257632666	0.5909191730991039	0.7115162807204329	0.7113092597521664	0.9980062566090941	0.9958671360783713	0.00013469805857350037	0.0	21	8	26	-0.0004937651736959659	0.0008080707258908073	0.0006826762882126183	-0.00046579717859995817	8	0	16	-0.00044701279833201887	0.002000894626327137
exclude_mecom	hard_star_excess	55	24	663	102	13320.0	1068.0	20.09049773755656	10.470588235294118	1.9187554019014692	0.5716965232659308	0.5878893920399382	0.3207546831529736	0.6181818181818182	0.5147038659149386	0.5065359477124183	0.5464574152939204	0.5467091059651612	0.6357761807588798	0.7356933723715731	0.07336094465985196	0.08173886422776672	-0.021842325302532908	-0.012206843521722521	20	0	35	-0.03846513444264307	-0.006294264174887029	-0.033359334181133495	-0.030432082335196453	3	0	21	-0.051767610953380845	-0.0144228381712162
exclude_mecom	hard_space_ranger_only	55	24	663	102	362.0	54.0	0.5460030165912518	0.5294117647058824	1.0313390313390312	-0.07713537855140556	-0.015835178253435854	0.3823652460276292	0.43636363636363634	0.5006384042716223	0.5	0.5006916102288074	0.5015082956259427	0.524502410315559	0.49977079821370474	0.0019937433909058863	0.004132863921628654	-0.035907786945849215	-0.015844497678407676	20	0	35	-0.053093259585474104	-0.018894766805666475	-0.07912513924624652	-0.08876393694732795	1	0	23	-0.09927236134524195	-0.05875667889076197
exclude_mecom	soft_expected_shared	55	24	663	102	180987.1531178532	12998.538388207751	272.9821313994769	127.43665086478188	2.142100640177116	0.8689337211862621	0.8439393939393941	0.2816532217619888	0.8181818181818182	0.5369407409199796	0.5183509301156359	0.5807680601149459	0.5925161919971609	0.7116050039925472	0.7105846863632331	0.9968009402419655	0.9948368581209055	0.0003945497025081785	0.0	25	8	22	-0.00016481019941226777	0.001031747472058876	0.0009513106398919557	-0.00013678171117614824	11	0	13	-0.0002030392033635985	0.002230450689576981
exclude_mecom	soft_expected_star_excess	55	24	663	102	13119.281761377868	1080.1694995489247	19.78775529619588	10.589897054401222	1.8685502979438289	0.5959535516500418	0.6203575101570187	0.3192469396737902	0.6363636363636364	0.5155876034768769	0.5052642474787803	0.5467254335117656	0.5475482802472422	0.6350368201579275	0.7206030225061366	0.07225547321872725	0.08267025099869316	-0.02095858774059464	-0.011504450950817757	24	0	31	-0.03766326090288028	-0.005285534342627758	-0.033091315963288286	-0.02623990772779697	4	0	20	-0.05242482551089815	-0.01428534020445788
exclude_mecom	soft_expected_space_ranger_only	55	24	663	102	580.8468821468031	67.4616117922484	0.8760888116844692	0.6613883509043962	1.3246208683392853	0.007779299218469023	0.0499314526157305	0.3740001200009084	0.41818181818181815	0.5021246535087365	0.5003622866944666	0.507190281844261	0.5064250436222755	0.5426241386448999	0.5735885606127821	0.003199059758034472	0.005163141879094475	-0.03442153770873493	-0.019430396593026367	21	0	34	-0.05090831458045992	-0.017850964395082037	-0.07262646763079288	-0.08231671250702399	2	0	22	-0.09303027866501054	-0.05187504929070674
label_leakage_controlled	xenium	54	23	663	102	1394982.0	57439.0	2104.0452488687783	563.1274509803922	3.7363570985674435	1.0	0.9999999999999999	0.0	1.0	0.6928537238033585	0.696204122674711	0.7594570650084416	0.7869680300476148	0.9854641705852778	0.9772572679147074	9.926860509798898	5.321875289539516	0.15831558867891052	0.16648922012243816	47	0	7	0.13117573875815897	0.18483100065063737	0.18247355339276508	0.1982299707213202	21	0	2	0.14432682181666687	0.21934583624255657
label_leakage_controlled	space_ranger	54	23	663	102	140526.0	10793.0	211.9547511312217	105.81372549019608	2.0030931729254715	0.8570938970195469	0.8386125404993328	0.2726423591640434	0.8148148148148148	0.5345381351244481	0.5152382219856269	0.5769835116156765	0.5856253511962856	0.7062963948777097	0.7037677816224529	1.0	1.0	0.0	0.0	0	54	0	0.0	0.0	0.0	0.0	0	23	0	0.0	0.0
label_leakage_controlled	soft_expected	54	23	663	102	150274.97866318925	11639.519702310658	226.6590930063186	114.11293825794762	1.9862698872407003	0.8709663876421347	0.835029540689918	0.2732755035136653	0.7777777777777778	0.5349736732858609	0.5131938899239938	0.5737277532824396	0.5863055629491615	0.6957974743441872	0.7032945908378434	1.0693749104307335	1.0784322896609522	0.00043553816141283857	0.0	26	2	26	-0.0023968461888973025	0.0032766168447156763	-0.003255758333236885	-0.0016044125040663992	10	0	13	-0.007145896098619081	0.0002723097239420164
label_leakage_controlled	hard	54	23	663	102	150590.0	11637.0	227.1342383107089	114.08823529411765	1.9908646822799954	0.8662698353596187	0.8266437964551172	0.2742799540212977	0.7777777777777778	0.5342830557171195	0.5134193949072843	0.5739518116906414	0.5829932274568952	0.6954130068316919	0.7044184189512909	1.0716166403370195	1.07819883257667	-0.00025507940732853474	-0.0003216218614142119	23	2	29	-0.002949240977883797	0.002441878726240513	-0.0030316999250352694	-0.00030313784639035557	11	0	12	-0.006825439533804207	0.000353944778121122
label_leakage_controlled	hard_shared	54	23	663	102	140171.0	10744.0	211.41930618401207	105.33333333333333	2.0071453118735323	0.8577273143842469	0.8379264341528491	0.27267993915710614	0.8148148148148148	0.5346261738034134	0.5159738857835743	0.5775804649356627	0.5903942270724278	0.7037382071984148	0.7043296956791767	0.9974737770946301	0.995460020383582	8.80386789652525e-05	0.0	20	8	26	-0.0005441249037461956	0.000774028398019161	0.0005969533199862588	-0.0005914884807618481	7	0	16	-0.0005236682186810209	0.0019448398416353704
label_leakage_controlled	hard_star_excess	54	23	663	102	10419.0	893.0	15.714932126696832	8.754901960784315	1.7949866482901196	0.4996111059258394	0.5645619319098888	0.3189903771251512	0.6111111111111112	0.512908551499478	0.5059074912016088	0.5436229183784472	0.546062165439328	0.6179575902759293	0.7244698784491173	0.0741428632423893	0.08273881219308811	-0.02162958362497001	-0.01147857332978447	20	0	34	-0.03852050589243015	-0.005690516248955335	-0.03336059323722933	-0.029596604856120368	3	0	20	-0.052783644443415774	-0.013142239156794619
label_leakage_controlled	hard_space_ranger_only	54	23	663	102	355.0	49.0	0.5354449472096531	0.4803921568627451	1.1145996860282574	0.08741243626460164	0.04000010508986332	0.36377704648531195	0.4444444444444444	0.5010097748948192	0.5	0.5015658371683646	0.5015082956259427	0.5377443586786148	0.5179294945730932	0.002526222905369825	0.004539979616418049	-0.03352836022962896	-0.015079259456422078	20	0	34	-0.05083932831553937	-0.016464140052423408	-0.07541767444731187	-0.08851625114600892	1	0	22	-0.09518954312658238	-0.055455548997748495
label_leakage_controlled	soft_expected_shared	54	23	663	102	139965.77009044652	10732.167119657079	211.10975880911994	105.21732470252039	2.0064163331085245	0.8591536826499233	0.8354107108824089	0.27220007619653674	0.8148148148148148	0.534880431698963	0.5153823973028124	0.5778363479958184	0.5909117794930944	0.7037234199863958	0.7039452281666815	0.9960133362541204	0.9943636727190844	0.0003422965745149471	0.0	24	8	22	-0.0002119637308026485	0.0009591184247566353	0.0008528363801419245	-0.0002513826043237799	10	0	13	-0.0003365778405270068	0.0022255155915077533
label_leakage_controlled	soft_expected_star_excess	54	23	663	102	10309.208572742746	907.3525826535794	15.54933419719871	8.895613555427248	1.7479777083742585	0.5287721484874068	0.5988679030609859	0.3162469372549483	0.6296296296296297	0.5137507379914147	0.5049019607843137	0.5437666115039367	0.5475113122171946	0.6208632774376719	0.7091059651613284	0.0733615741766132	0.08406861694186782	-0.02078739713303341	-0.009519267737260861	24	0	30	-0.03745903394596203	-0.0047794220336031205	-0.033216900111739896	-0.023193742051873578	4	0	19	-0.05295751473256363	-0.01321901211136955
label_leakage_controlled	soft_expected_space_ranger_only	54	23	663	102	560.2299095534804	60.832880342921726	0.8449923221017804	0.5964007876757031	1.4168195944121567	0.16374492701897245	0.10936606596035726	0.35570283895677896	0.42592592592592593	0.5025002710988871	0.5007208765859285	0.5082924113313763	0.5065063732883802	0.5563170969745364	0.5901428444681039	0.003986663745879627	0.005636327280915568	-0.03203786402556106	-0.014765031201017353	21	0	33	-0.04835045569258372	-0.01586956063359371	-0.06869110028430024	-0.08008754029515275	2	0	21	-0.08797957982458508	-0.04830913856132002
