metric	count	denominator	fraction
star_candidate_reads	641532499	707409359	0.9068758998423146
star_no_candidate_reads	65876860	707409359	0.0931241001576854
sr_selected_retained_minimum	635825455	641532499	0.9911040453774423
sr_selected_nonminimum	3836615	641532499	0.00598039071439154
sr_unassigned_with_star_candidate	1870429	641532499	0.0029155639081660926
short_bc2_overlap_nonminimum	3644060	3836615	0.9498112268236453
sr_raw_split_cost_greater_than_star_minimum	3835720	3836615	0.9997667214458579
sr_raw_split_cost_equal_to_star_minimum	895	3836615	0.0002332785541421279
sr_raw_split_max_half_above_ed2	5070	3836615	0.0013214773960900429
short_bc2_explained_post_umi_2um_disagreements	1352442	8341434	0.16213543138985456
