rank	cumulative_star_positive_residual_fraction	dataset	method	gene_id	gene_name	star_mass	space_ranger_mass	signed_star_minus_space_ranger_mass	shared_gene_bin_mass	star_positive_gene_bin_residual_mass	space_ranger_positive_gene_bin_residual_mass	star_positive_residual_mass_fraction	star_cell_mass_fraction	space_ranger_cell_mass_fraction	star_minus_space_ranger_cell_fraction_pp	star_nucleus_mass_fraction	space_ranger_nucleus_mass_fraction	star_minus_space_ranger_nucleus_fraction_pp	star_positive_residual_cell_mass	star_positive_residual_cell_mass_fraction	star_positive_residual_nucleus_mass	star_positive_residual_nucleus_mass_fraction	space_ranger_positive_residual_cell_mass	space_ranger_positive_residual_cell_mass_fraction	space_ranger_positive_residual_nucleus_mass	space_ranger_positive_residual_nucleus_mass_fraction	star_positive_residual_gene_bin_nnz	space_ranger_positive_residual_gene_bin_nnz
1	0.01453406107500384	CRC	hard	ENSG00000211592	IGKC	1310277.0	1251508.0	58769.0	1236577.0	73700.0	14931.0	0.01453406107500384	0.5460153654532591	0.5460725680538998	-0.005720260064068228	0.23517031131585153	0.23518652098108841	-0.0016209665236882609	38812.625	0.5266299185888738	16719.125	0.22685379918588874	6795.4375	0.45512273123032615	2918.6875	0.19547836715558234	43909	12900
2	0.028150129554293395	CRC	hard	ENSG00000205542	TMSB4X	1090855.0	1043061.0	47794.0	1021810.0	69045.0	21251.0	0.013616068479289554	0.46051795380687627	0.46061789531005376	-0.009994150317749195	0.2175702774429232	0.2176883710540419	-0.011809361111869698	31532.8125	0.4566994351509885	14933.1875	0.21628195379824752	9627.0625	0.45301691685097173	4657.8125	0.21918086207707874	62402	20255
3	0.03921337007407244	CRC	hard	ENSG00000198938	MT-CO3	891908.0	852467.0	39441.0	835808.0	56100.0	16659.0	0.011063240519779043	0.4950940848159227	0.4954949869027188	-0.04009020867961066	0.26102979511339736	0.2613143675942881	-0.02845724808907546	27231.8125	0.48541555258467023	14302.1875	0.25494095365418895	8046.5625	0.4830159373311723	4249.5	0.25508734017648116	48794	15654
4	0.046098807556213	CRC	hard	ENSG00000198899	MT-ATP6	542752.0	518661.0	24091.0	507837.0	34915.0	10824.0	0.006885437482140558	0.49046065237898706	0.4907637165701682	-0.030306419118114603	0.25782413054212605	0.25804318716849733	-0.021905662637128342	16778.9375	0.4805653014463698	8791.9375	0.2518097522554776	5120.4375	0.4730633314855876	2694.3125	0.24892022357723578	31932	10432
5	0.05216091118505449	CRC	hard	ENSG00000198727	MT-CYB	476064.0	454898.0	21166.0	445324.0	30740.0	9574.0	0.006062103628841494	0.49278839084660886	0.49288095902817775	-0.009256818156888613	0.25887590744101635	0.25898553082229425	-0.010962338127790128	14972.375	0.4870648991541965	7852.6875	0.2554550260247235	4584.125	0.4788097973678713	2423.1875	0.253100846041362	28509	9300
6	0.058003722060634054	CRC	hard	ENSG00000212907	MT-ND4L	454854.0	434439.0	20415.0	425226.0	29628.0	9213.0	0.005842810875579563	0.49227980296974416	0.4924923291877571	-0.02125262180129317	0.2593303290726255	0.25955254937977484	-0.02222203071493567	14342.125	0.4840733427838531	7509.8125	0.25347011273120024	4384.5625	0.47591039835015736	2312.125	0.25096331271030065	27651	8942
7	0.0633953262640344	CRC	hard	ENSG00000162896	PIGR	425700.0	406171.0	19529.0	398360.0	27340.0	7811.0	0.0053916042034003395	0.5537768675123327	0.5540622053273129	-0.028533781498019106	0.30426885130373504	0.30452214092094215	-0.025328961720710863	14704.375	0.5378337600585223	8034.4375	0.29387115947329917	4005.5625	0.5128104596082448	2195.25	0.2810459608244783	23766	7404
8	0.06859504930833055	CRC	hard	ENSG00000198886	MT-ND4	419479.0	402139.0	17340.0	393112.0	26367.0	9027.0	0.00519972304429615	0.48506450859280204	0.48550563362419463	-0.04411250313925974	0.25361981767859654	0.2539624047903834	-0.034258711178686285	12516.625	0.47470796829370043	6520.0625	0.24728116585125345	4283.0	0.4744654924116539	2260.0625	0.2503669546914811	24712	8764
9	0.07323352489238977	CRC	hard	ENSG00000168542	COL3A1	361867.0	345663.0	16204.0	338346.0	23521.0	7317.0	0.004638475584059231	0.3872137415127657	0.3872218027385054	-0.0008061225739708355	0.15676944153514966	0.15673213505639885	0.003730647875080373	9143.0	0.38871646613664385	3745.625	0.15924599294247693	2871.375	0.3924251742517425	1192.4375	0.16296808801421347	21973	7109
10	0.07737997222160321	CRC	hard	ENSG00000198712	MT-CO2	328448.0	314295.0	14153.0	307422.0	21026.0	6873.0	0.004146447329213443	0.4874847007745518	0.4877523504987353	-0.026764972418347188	0.25700034708690567	0.2571829411858286	-0.01825940989229058	10083.125	0.47955507466945685	5318.9375	0.25296953771520975	3267.875	0.4754655899898152	1739.0	0.2530190600902081	19960	6731
11	0.08046604443005281	CRC	hard	ENSG00000211896	IGHG1	243685.0	232547.0	11138.0	228036.0	15649.0	4511.0	0.0030860722084495944	0.5379311406118554	0.5381473960102688	-0.02162553984134119	0.23127423723249277	0.2313715076952186	-0.009727046272584028	8187.5	0.5231963703751038	3530.9375	0.22563342705604192	2246.3125	0.4979633119042341	977.625	0.2167202394147639	13653	4317
12	0.08319458268017157	CRC	hard	ENSG00000198888	MT-ND1	212795.0	203556.0	9239.0	198959.0	13836.0	4597.0	0.0027285382501187672	0.4825330717357081	0.48277531735738566	-0.024224562167757258	0.2536837096736296	0.2537259402817898	-0.004223060816022084	6601.3125	0.4771113399826539	3491.1875	0.2523263587742122	2192.5	0.4769414835762454	1156.0	0.2514683489232108	13369	4536
13	0.08574879107967565	CRC	hard	ENSG00000108821	COL1A1	192827.0	184044.0	8783.0	179875.0	12952.0	4169.0	0.002554208399504067	0.3695861445751892	0.36954953706722304	0.0036607507966135433	0.14809907326256178	0.14813611147334332	-0.003703821078154812	4797.9375	0.37043989345274864	1946.5	0.1502856701667696	1545.125	0.3706224514272008	652.5625	0.1565273446869753	12404	4091
14	0.08814602373134113	CRC	hard	ENSG00000198763	MT-ND2	188138.0	180082.0	8056.0	175982.0	12156.0	4100.0	0.002397232651665491	0.49167898032295443	0.49178360413589367	-0.010462381293924183	0.2594531673558771	0.25953628069435036	-0.008311333847327296	5928.0625	0.48766555610398155	3124.5	0.2570335636722606	1985.9375	0.484375	1049.3125	0.2559298780487805	11827	4035
15	0.09049395495466536	CRC	hard	ENSG00000105388	CEACAM5	182220.0	174158.0	8062.0	170314.0	11906.0	3844.0	0.0023479312233242295	0.5674853885413237	0.5676921243927927	-0.020673585146901985	0.31834458347053013	0.31850711710056384	-0.016253363003371213	6624.0625	0.5563633882076264	3703.75	0.3110826474046699	2085.0	0.5424037460978148	1165.5625	0.3032160509885536	11388	3754
16	0.09270522261862761	CRC	hard	ENSG00000163586	FABP1	177079.0	169123.0	7956.0	165866.0	11213.0	3257.0	0.002211267663962253	0.4997342287905398	0.5000587590097149	-0.03245302191750565	0.2720159505079654	0.27215362487656913	-0.013767436860373516	5496.6875	0.49020667974672255	2993.5625	0.2669724872915366	1575.6875	0.48378492477740254	852.6875	0.26180150445194966	9873	3086
17	0.09491156013975574	CRC	hard	ENSG00000164692	COL1A2	167541.0	159897.0	7644.0	156353.0	11188.0	3544.0	0.0022063375211281273	0.37327877952262434	0.3734173405379713	-0.013856101534698295	0.15021733486131753	0.15033466856789057	-0.011733370657304731	4196.1875	0.37506144976760813	1701.0625	0.15204348409009652	1365.0	0.3851580135440181	571.5625	0.16127610045146726	10792	3498
18	0.09708595033531874	CRC	hard	ENSG00000148346	LCN2	173206.0	165811.0	7395.0	162180.0	11026.0	3631.0	0.00217439019556299	0.5381695062526702	0.5389517281724373	-0.07822219197670677	0.2965233594679168	0.2971794693958784	-0.06561099279616123	5698.3125	0.5168068655904227	3098.3125	0.2810005895156902	1848.25	0.5090195538419168	1014.3125	0.2793479757642523	10225	3510
19	0.09906983981177109	CRC	hard	ENSG00000198695	MT-ND6	145222.0	138407.0	6815.0	135162.0	10060.0	3245.0	0.001983889476452356	0.48458265620911434	0.4845830593828347	-4.03173720353589e-05	0.2522943321259864	0.25229666852110083	-0.00023363951144328432	4835.9375	0.4807094930417495	2511.0625	0.24960859840954275	1533.5625	0.4725924499229584	792.0	0.2440677966101695	9824	3205
20	0.10103519195116713	CRC	hard	ENSG00000034510	TMSB10	151815.0	145095.0	6720.0	141849.0	9966.0	3246.0	0.0019653521393960417	0.48109211869709845	0.48128338330059617	-0.019126460349772056	0.2426748839047525	0.24296581550018953	-0.02909315954370273	4731.0	0.47471402769416016	2378.0	0.2386112783463777	1525.8125	0.470059303758472	789.4375	0.2432031731361676	9789	3217
21	0.10276843296593252	CRC	hard	ENSG00000198840	MT-ND3	128879.0	123126.0	5753.0	120090.0	8789.0	3036.0	0.0017332410147653833	0.4813725471178392	0.48189710134333935	-0.0524554225500129	0.2519984830732703	0.2524979492552345	-0.04994661819642254	4138.9375	0.47092245989304815	2142.6875	0.24379195585390828	1434.1875	0.4723937747035573	754.4375	0.2484972002635046	8575	3010
22	0.10446045798660461	CRC	hard	ENSG00000197956	S100A6	126309.0	120556.0	5753.0	117729.0	8580.0	2827.0	0.0016920250206720888	0.48785171682144585	0.48819687531105876	-0.034515848961291784	0.258401024471732	0.2586676523773184	-0.026662790558640292	4128.6875	0.48119900932400933	2175.8125	0.2535912004662005	1363.6875	0.48237973116377786	721.375	0.2551733286169084	8388	2803
23	0.10605565500201446	CRC	hard	ENSG00000167996	FTH1	123840.0	118462.0	5378.0	115751.0	8089.0	2711.0	0.0015951970154098516	0.45385224886950903	0.4538048066046496	0.004744226485942082	0.22579639050387598	0.22578284597592477	0.0013544527951214747	3642.75	0.45033378662381013	1818.1875	0.2247728396587959	1196.3125	0.44128089265953524	602.25	0.22215049797122832	7972	2694
24	0.10756053180070312	CRC	hard	ENSG00000115414	FN1	119782.0	114520.0	5262.0	112151.0	7631.0	2369.0	0.0015048767986886608	0.49095440049423117	0.4914059771219001	-0.04515766276689259	0.2553941744168573	0.25568950838281523	-0.02953339659579335	3691.8125	0.4837914427991089	1909.5625	0.25023751801860833	1160.125	0.4897108484592655	599.5	0.25306036302237234	7179	2317
25	0.10901196585106986	CRC	hard	ENSG00000170421	KRT8	113063.0	108192.0	4871.0	105703.0	7360.0	2489.0	0.0014514340503667335	0.5154200534215437	0.5154083712289264	0.001168219261737935	0.28126575449085905	0.28131296676279205	-0.004721227193299482	3742.5625	0.5085003396739131	2035.0625	0.2765030570652174	1230.6875	0.49445058256327845	670.125	0.2692346323824829	7140	2457
26	0.1104164649416557	CRC	hard	ENSG00000135916	ITM2C	109694.0	104887.0	4807.0	102572.0	7122.0	2315.0	0.0014044990905858529	0.547458156325779	0.5480046383250545	-0.054648199927553875	0.2972695635130454	0.29748979854510094	-0.022023503205553796	3782.6875	0.5311271412524572	2048.9375	0.2876913086211738	1208.375	0.521976241900648	643.0625	0.27778077753779695	6963	2288
27	0.11180676522087928	CRC	hard	ENSG00000113140	SPARC	109186.0	104582.0	4604.0	102136.0	7050.0	2446.0	0.0013903002792235695	0.37074750883812946	0.37126549023732575	-0.05179813991962878	0.15034837341783744	0.1505451463923046	-0.019677297446715758	2598.5	0.36858156028368794	1064.5625	0.15100177304964538	945.75	0.3866516762060507	392.9375	0.1606449304987735	6905	2422
28	0.11304304783796475	CRC	hard	ENSG00000104904	OAZ1	93243.0	89070.0	4173.0	86974.0	6269.0	2096.0	0.001236282617085469	0.4938179005394507	0.4938980577074211	-0.008015716797044048	0.2534647372993147	0.25324113057146064	0.022360672785404212	3056.0625	0.48748803636943694	1579.125	0.2518942415058223	1002.5	0.4782919847328244	501.5	0.23926526717557253	6184	2081
29	0.1142517216551791	CRC	hard	ENSG00000075624	ACTB	99166.0	95386.0	3780.0	93037.0	6129.0	2349.0	0.0012086738172143628	0.4716220781316177	0.4724127492504141	-0.07906711187963822	0.22932507109291492	0.22980049483152665	-0.04754237386117299	2815.0	0.45929189100995266	1379.5	0.2250775004078969	1107.6875	0.4715570455512984	558.0	0.23754789272030652	6053	2328
30	0.11546000106096674	CRC	hard	ENSG00000167658	EEF2	91972.0	87899.0	4073.0	85845.0	6127.0	2054.0	0.0012082794057876327	0.4807869514634889	0.48118223756811795	-0.03952861046290779	0.24110055234201713	0.24124421210707744	-0.014365976506031108	2904.5625	0.4740594907785213	1465.25	0.23914640117512648	981.0625	0.4776351022395326	495.875	0.24141918208373905	6057	2035
31	0.11665092636397825	CRC	hard	ENSG00000019582	CD74	89710.0	85625.0	4085.0	83671.0	6039.0	1954.0	0.0011909253030115087	0.47908886969122727	0.4795788321167883	-0.04899624255610413	0.20821187715973694	0.20843503649635037	-0.022315933661343212	2802.75	0.4641082960755092	1223.875	0.20266186454711044	887.625	0.45426049129989765	392.4375	0.2008380245649949	5919	1936
32	0.11783396343845515	CRC	hard	ENSG00000160180	TFF3	90581.0	86600.0	3981.0	84582.0	5999.0	2018.0	0.001183037074476907	0.5309495092789879	0.5317508660508083	-0.08013567718204717	0.29214804981177067	0.2925433025404157	-0.03952527286450458	3059.9375	0.510074595765961	1674.875	0.27919236539423237	1015.625	0.5032829534192269	546.0625	0.2705958870168484	5856	1985
33	0.11895389468465524	CRC	hard	ENSG00000272398	CD24	86155.0	82385.0	3770.0	80476.0	5679.0	1909.0	0.0011199312462000924	0.5093414485520283	0.5089366996419251	0.04047489101032253	0.2777327200974987	0.2774511440189355	0.02815760785632171	2863.75	0.5042701179785174	1560.375	0.2747622820919176	910.1875	0.4767875851231011	490.125	0.2567443687794657	5558	1894
34	0.12000795922259141	CRC	hard	ENSG00000197747	S100A10	80388.0	76780.0	3608.0	75043.0	5345.0	1737.0	0.0010540645379361674	0.4814376834850973	0.4817099179473821	-0.027223446228480386	0.25535449942777527	0.25549866501693147	-0.01441655891561977	2530.0625	0.4733512628624883	1338.0	0.25032740879326476	813.9375	0.4685880829015544	427.75	0.2462579159470351	5256	1721
35	0.12103106246352927	CRC	hard	ENSG00000125730	C3	80607.0	77163.0	3444.0	75419.0	5188.0	1744.0	0.0010231032409378552	0.42432031337228776	0.42458172958542306	-0.02614162131353015	0.1707489734142196	0.17073435454816427	0.001461886605533258	2180.125	0.4202245566692367	898.0625	0.17310379722436392	738.9375	0.42370269495412843	308.875	0.1771072247706422	5083	1729
36	0.12204489703593896	CRC	hard	ENSG00000127324	TSPAN8	77594.0	74155.0	3439.0	72453.0	5141.0	1702.0	0.0010138345724096981	0.5473393561357837	0.5477816735216776	-0.04423173858939533	0.30454674330489473	0.3048302541972895	-0.028351089239475602	2722.875	0.529639175257732	1506.125	0.29296343123905855	873.375	0.5131462984723855	479.8125	0.28191098707403056	5046	1686
37	0.12305419587694127	CRC	hard	ENSG00000026025	VIM	77672.0	74341.0	3331.0	72554.0	5118.0	1787.0	0.001009298841002302	0.4189572819033886	0.41939424409141657	-0.04369621880279673	0.17145415980018539	0.17170790680781803	-0.025374700763264313	2111.6875	0.4126001367721766	873.125	0.1705988667448222	748.625	0.4189283715724678	320.875	0.17956071628427533	5047	1774
38	0.12405462046084215	CRC	hard	ENSG00000197746	PSAP	76218.0	72864.0	3354.0	71145.0	5073.0	1719.0	0.0010004245839008749	0.4871118042981973	0.48760876427316646	-0.049695997496918	0.23168247658033536	0.23224431818181818	-0.05618416014828154	2411.4375	0.4753474275576582	1127.875	0.2223289966489257	813.875	0.4734584060500291	391.75	0.22789412449098312	5004	1709
39	0.12504459314193467	CRC	hard	ENSG00000170144	HNRNPA3	75266.0	71922.0	3344.0	70246.0	5020.0	1676.0	0.0009899726810925276	0.506248671378843	0.5072335307694447	-0.09848593906016667	0.26225486939654025	0.2628759280887628	-0.06210586922225647	2465.0	0.4910358565737052	1272.6875	0.253523406374502	842.9375	0.5029460023866349	440.375	0.2627535799522673	4957	1663
40	0.12599551909178092	CRC	hard	ENSG00000171747	LGALS4	73134.0	69882.0	3252.0	68312.0	4822.0	1570.0	0.0009509259498462486	0.5193856482620942	0.5198101800177442	-0.04245317556499373	0.2850931167446058	0.28553937351535447	-0.04462567707486653	2470.25	0.5122874326005806	1344.5	0.2788262131895479	810.875	0.5164808917197452	448.5625	0.28570859872611465	4702	1557
41	0.12692928814456442	CRC	hard	ENSG00000076554	TPD52	71450.0	68350.0	3100.0	66715.0	4735.0	1635.0	0.0009337690527834896	0.5104776067179846	0.5102249451353329	0.025266158265169203	0.27622550734779566	0.27611375274323335	0.011175460456230857	2425.6875	0.5122888067581838	1306.1875	0.27585797254487854	825.9375	0.5051605504587156	442.25	0.2704892966360856	4658	1626
42	0.12785536617452667	CRC	hard	ENSG00000166710	B2M	69285.0	66087.0	3198.0	64589.0	4696.0	1498.0	0.0009260780299622528	0.4822860287219456	0.48246724015313147	-0.018121143118587923	0.22607256260373818	0.22625762252787993	-0.018505992414175054	2231.875	0.4752715076660988	1044.125	0.22234348381601363	701.5	0.4682910547396529	333.375	0.22254672897196262	4661	1491
43	0.12874101703324908	CRC	hard	ENSG00000221983	UBA52	68127.0	65160.0	2967.0	63636.0	4491.0	1524.0	0.0008856508587224186	0.4753319168611564	0.47462879834254146	0.07031185186149314	0.23879115475508975	0.23834119858809086	0.04499561669988883	2130.375	0.47436539746158984	1072.875	0.23889445557782232	674.25	0.4424212598425197	335.0625	0.21985728346456693	4448	1516
44	0.12958919880643213	CRC	hard	ENSG00000142192	APP	66563.0	63821.0	2742.0	62262.0	4301.0	1559.0	0.0008481817731830599	0.5045389330408786	0.5052568903652402	-0.071795732436164	0.2602928804290672	0.2606753654753138	-0.03824850462466056	2111.1875	0.49085968379446643	1086.9375	0.25271739130434784	773.5625	0.4961914688903143	397.625	0.2550513149454779	4263	1555
45	0.13043659175676173	CRC	hard	ENSG00000010278	CD9	66737.0	63905.0	2832.0	62440.0	4297.0	1465.0	0.0008473929503295997	0.546760043154472	0.5476332055394727	-0.08731623850006809	0.30202698652921167	0.3026866051169705	-0.06596185877588145	2269.0	0.5280428205724924	1234.0625	0.2871916453339539	776.375	0.5299488054607508	420.875	0.28728668941979524	4238	1454
46	0.13127057471858253	CRC	hard	ENSG00000089356	FXYD3	63577.0	60773.0	2804.0	59348.0	4229.0	1425.0	0.0008339829618207767	0.529423966214197	0.5296883484442104	-0.026438223001346017	0.2923482548720449	0.2924335231105919	-0.008526823854698717	2183.4375	0.5163011350200993	1201.5	0.2841097186096004	715.0	0.5017543859649123	386.9375	0.27153508771929824	4125	1405
47	0.13208325946335986	CRC	hard	ENSG00000086548	CEACAM6	63420.0	60740.0	2680.0	59299.0	4121.0	1441.0	0.0008126847447773518	0.5400691816461684	0.5407443612117221	-0.06751795655537407	0.29728693629769787	0.29763952914059927	-0.035259284290140025	2156.9375	0.5234014802232468	1176.4375	0.28547379276874546	750.5625	0.5208622484385843	401.125	0.2783657182512144	4032	1423
48	0.13288667553960906	CRC	hard	ENSG00000090382	LYZ	61227.0	58460.0	2767.0	57153.0	4074.0	1307.0	0.0008034160762491946	0.48734320642853646	0.48809549264454327	-0.07522862160068144	0.22109731001028957	0.2216376582278481	-0.05403482175585228	1939.125	0.47597569955817376	874.75	0.21471526755031908	634.625	0.4855585309869931	294.5625	0.22537299158377966	3993	1291
49	0.13366070796456686	CRC	hard	ENSG00000118816	CCNI	59769.0	57240.0	2529.0	55844.0	3925.0	1396.0	0.0007740324249578029	0.45841489735481605	0.4586543501048218	-0.023945275000575306	0.22373847646773412	0.22392994409503844	-0.019146762730432032	1764.375	0.44952229299363056	857.5625	0.2184872611464968	618.75	0.44323065902578795	302.6875	0.21682485673352436	3904	1391
50	0.1344339515666712	CRC	hard	ENSG00000084207	GSTP1	59339.0	56678.0	2661.0	55418.0	3921.0	1260.0	0.0007732436021043427	0.4866340012470719	0.4864365362221673	0.019746502490458617	0.2548060718920103	0.254736185115918	0.006988677609232052	1910.8125	0.48732785003825557	997.3125	0.25435156847742924	604.6875	0.4799107142857143	315.3125	0.25024801587301587	3879	1250
51	0.1352068007573488	CRC	hard	ENSG00000106211	HSPB1	59489.0	56897.0	2592.0	55570.0	3919.0	1327.0	0.0007728491906776126	0.4838594109835432	0.48380296852206617	0.005644246147701315	0.25227773201768394	0.2523902841977609	-0.011255218007694134	1881.625	0.4801288594029089	979.75	0.25	624.25	0.47042200452147703	332.25	0.2503767897513188	3872	1323
52	0.13597294495377202	CRC	hard	ENSG00000163359	COL6A3	56195.0	53589.0	2606.0	52310.0	3885.0	1279.0	0.0007661441964232011	0.39404973752113176	0.3944081341320047	-0.03583966108729464	0.15899657442832993	0.1589155423687697	0.008103205956022652	1519.9375	0.3912323037323037	627.4375	0.161502574002574	512.25	0.4005082095387021	208.75	0.1632134480062549	3812	1271
53	0.1367381031216284	CRC	hard	ENSG00000164713	BRI3	58891.0	56355.0	2536.0	55011.0	3880.0	1344.0	0.0007651581678563759	0.488266458372247	0.4883694880667199	-0.010302969447290034	0.2527964799375117	0.25263397214089256	0.016250779661913795	1882.5625	0.4851965206185567	981.0	0.25283505154639174	650.125	0.4837239583333333	330.75	0.24609375	3845	1338
54	0.13750128923235114	CRC	hard	ENSG00000158747	NBL1	59699.0	57146.0	2553.0	55829.0	3870.0	1317.0	0.0007631861107227254	0.46877879026449354	0.4690288909109999	-0.02501006465063793	0.2372621400693479	0.23744444055576944	-0.01823004864215383	1784.5	0.46111111111111114	903.0	0.23333333333333334	602.0	0.45709946848899013	307.6875	0.23362756264236903	3833	1311
55	0.13825954520023973	CRC	hard	ENSG00000254772	EEF1G	58774.0	56263.0	2511.0	54929.0	3845.0	1334.0	0.0007582559678885992	0.4913173767312077	0.4918463288484439	-0.05289521172362477	0.25629104706162587	0.2564773918916517	-0.01863448300258308	1854.8125	0.4823959687906372	966.3125	0.25131664499349804	650.875	0.48791229385307344	333.25	0.24981259370314843	3806	1327
56	0.13901149058530063	CRC	hard	ENSG00000108518	PFN1	55719.0	53144.0	2575.0	51906.0	3813.0	1238.0	0.0007519453850609178	0.4769075629498017	0.4773457492849616	-0.04381863351599069	0.2314134316839857	0.23150896620502784	-0.009553452104213433	1790.75	0.46964332546551274	872.5	0.22882244951481773	586.0	0.47334410339256866	281.6875	0.2275343295638126	3786	1235
57	0.13975613935896705	CRC	hard	ENSG00000166165	CKB	58949.0	56348.0	2601.0	55173.0	3776.0	1175.0	0.0007446487736664112	0.5123242124548338	0.5123495953716192	-0.0025382916785332554	0.28047443552901663	0.28024508412011073	0.02293514089058979	1907.375	0.505131091101695	1054.0	0.2791313559322034	576.25	0.49042553191489363	311.5625	0.2651595744680851	3576	1140
58	0.14049289990409886	CRC	hard	ENSG00000176153	GPX2	57026.0	54603.0	2423.0	53290.0	3736.0	1313.0	0.0007367605451318093	0.5162020394206152	0.5170640807281651	-0.08620413075499656	0.2807842036965595	0.28144401406516123	-0.06598103686017431	1871.25	0.5008699143468951	1009.875	0.2703091541755889	667.5625	0.508425361766946	365.5625	0.2784177456207159	3687	1304
59	0.14122867442066384	CRC	hard	ENSG00000122566	HNRNPA2B1	56857.0	54496.0	2361.0	53126.0	3731.0	1370.0	0.0007357745165649842	0.5186949276254463	0.519502578170875	-0.08076505454286398	0.2709780677840899	0.2716804903112155	-0.07024225271256013	1887.9375	0.5060138032699009	974.6875	0.26124028410613775	707.3125	0.5162864963503649	373.1875	0.27239963503649633	3697	1364
60	0.14196444893722884	CRC	hard	ENSG00000161011	SQSTM1	55663.0	53212.0	2451.0	51932.0	3731.0	1280.0	0.0007357745165649842	0.5039781811975639	0.5040439656468466	-0.00657844492827353	0.26020987909383253	0.26046286551905584	-0.02529864252233116	1867.1875	0.5004522916108282	962.9375	0.2580909943714822	635.4375	0.496435546875	338.625	0.26455078125	3691	1274
61	0.1426996318366537	CRC	hard	ENSG00000107281	NPDC1	56397.0	53952.0	2445.0	52669.0	3728.0	1283.0	0.000735182899424889	0.5660296646984768	0.5665012418446026	-0.047157714612577895	0.31597536216465416	0.31614096789739027	-0.016560573273610713	2045.0	0.5485515021459227	1135.8125	0.30467073497854075	686.5	0.5350740452065471	372.1875	0.29009158222915044	3693	1276
62	0.14342101033614305	CRC	hard	ENSG00000178980	SELENOW	53025.0	50637.0	2388.0	49367.0	3658.0	1270.0	0.0007213784994893358	0.49386845827439885	0.49400265616051503	-0.0134197886116183	0.25624233851956624	0.2565354878843533	-0.029314936478708198	1774.0	0.48496446145434663	911.0625	0.24906027884089665	601.4375	0.4735728346456693	314.0	0.247244094488189	3617	1265
63	0.14414081118992547	CRC	hard	ENSG00000099194	SCD	55881.0	53387.0	2494.0	52231.0	3650.0	1156.0	0.0007198008537824155	0.5384869186306616	0.5381260887481971	0.03608298824644418	0.29550853599613464	0.29550499185194895	0.0003544144185685383	1974.75	0.5410273972602739	1081.5625	0.2963184931506849	612.5	0.5298442906574394	344.375	0.2979022491349481	3565	1145
64	0.14485666792944057	CRC	hard	ENSG00000140416	TPM1	53078.0	50644.0	2434.0	49448.0	3630.0	1196.0	0.0007158567395151146	0.44168605636987074	0.442019291525156	-0.03332351552852719	0.20981150382456007	0.21001377260879867	-0.020226878423859618	1599.8125	0.440719696969697	762.625	0.21008953168044078	541.625	0.45286371237458195	262.1875	0.2192203177257525	3610	1191
65	0.1455719330518156	CRC	hard	ENSG00000143384	MCL1	53522.0	51104.0	2418.0	49895.0	3627.0	1209.0	0.0007152651223750194	0.5016511901647921	0.5012596861302442	0.039150403454790705	0.23958489032547364	0.23929511388541014	0.0289776440063505	1827.1875	0.5037737799834574	873.875	0.240936035290874	594.1875	0.491470223325062	279.75	0.2313895781637717	3600	1208
66	0.1462862121456238	CRC	hard	ENSG00000167460	TPM4	53286.0	50859.0	2427.0	49664.0	3622.0	1195.0	0.0007142790938081941	0.46053137784784	0.4615628502329971	-0.10314723851571062	0.22631061629696356	0.2269214888220374	-0.061087252507383005	1618.8125	0.4469388459414688	790.875	0.21835311982330205	553.5625	0.46323221757322175	272.6875	0.22819037656903765	3589	1188
67	0.14699319462803748	CRC	hard	ENSG00000149591	TAGLN	53639.0	51265.0	2374.0	50054.0	3585.0	1211.0	0.0007069824824136875	0.35453797609947985	0.35393299522091093	0.0604980878568917	0.14085949588918512	0.14048571149907343	0.03737843901116811	1314.6875	0.3667189679218968	537.1875	0.14984309623430964	442.0	0.36498761354252685	183.625	0.15163088356729976	3549	1206
68	0.1476920916762032	CRC	hard	ENSG00000119888	EPCAM	53581.0	51304.0	2277.0	50037.0	3544.0	1267.0	0.0006988970481657206	0.5681444915175156	0.5686362174489319	-0.049172593141633136	0.3180465090237211	0.31825613012630594	-0.02096211025848227	1971.125	0.5561865124153499	1112.625	0.3139461060948081	702.6875	0.5546073401736386	399.1875	0.3150651144435675	3508	1256
69	0.14839039710722884	CRC	hard	ENSG00000131981	LGALS3	53304.0	50969.0	2335.0	49763.0	3541.0	1206.0	0.0006983054310256255	0.5061979401170644	0.5053194098373521	0.08785302797122974	0.2729825622842563	0.27237144146441955	0.06111208198367746	1819.625	0.5138731996611127	981.0625	0.2770580344535442	592.875	0.4916044776119403	312.5	0.25912106135986734	3486	1199
70	0.14908495562970053	CRC	hard	ENSG00000211895	IGHA1	52690.0	50265.0	2425.0	49168.0	3522.0	1097.0	0.0006945585224716897	0.5314279275004745	0.5317641500049737	-0.03362225044991618	0.22798087872461567	0.2281035511787526	-0.012267245413694061	1805.625	0.5126703577512777	776.8125	0.22056005110732538	533.8125	0.4866112123974476	230.125	0.20977666362807657	3215	1068
71	0.14977931694645885	CRC	hard	ENSG00000107262	BAG1	52886.0	50618.0	2268.0	49365.0	3521.0	1253.0	0.0006943613167583245	0.4912677740800968	0.4918297344818049	-0.05619604017080837	0.2607566274628446	0.2614163933778498	-0.06597659150051616	1687.875	0.4793737574552684	879.375	0.24975149105367794	602.125	0.4805466879489226	321.375	0.25648443735035914	3494	1250
72	0.15046973414894987	CRC	hard	ENSG00000065978	YBX1	52380.0	50044.0	2336.0	48879.0	3501.0	1165.0	0.0006904172024910237	0.4550937857961054	0.4556340420430022	-0.05402562468967975	0.23019401489117983	0.23061830589081608	-0.04242909996362565	1563.0625	0.44646172522136535	783.5625	0.22381105398457585	527.0	0.45236051502145924	267.0625	0.2292381974248927	3468	1158
73	0.15115995414572753	CRC	hard	ENSG00000172757	CFL1	52107.0	49777.0	2330.0	48607.0	3500.0	1170.0	0.0006902199967776586	0.4948555376436947	0.4947553589006971	0.01001787429976142	0.2579295967912181	0.2577570966510637	0.017250014015435244	1716.6875	0.49048214285714287	896.6875	0.25619642857142855	558.6875	0.4775106837606838	287.125	0.2454059829059829	3462	1164
74	0.15184918811393835	CRC	hard	ENSG00000135052	GOLM1	52410.0	50051.0	2359.0	48915.0	3495.0	1136.0	0.0006892339682108334	0.5371100457927876	0.5377340113084653	-0.06239655156776713	0.29148778858996377	0.291802361591177	-0.03145730012132364	1814.875	0.519277539341917	985.0625	0.28184907010014304	579.0625	0.5097381161971831	313.1875	0.27569322183098594	3459	1131
75	0.15252737856220075	CRC	hard	ENSG00000198786	MT-ND5	50446.0	48232.0	2214.0	47007.0	3439.0	1225.0	0.0006781904482623909	0.471545067993498	0.47192994277657985	-0.03848747830818566	0.2418811699639218	0.2421149340686681	-0.02337641047462924	1599.3125	0.4650516138412329	819.75	0.2383687118348357	573.875	0.46846938775510205	295.5	0.24122448979591837	3411	1216
76	0.15320044166191565	CRC	hard	ENSG00000135821	GLUL	52018.0	49809.0	2209.0	48605.0	3413.0	1204.0	0.0006730630997148998	0.4903290687838825	0.49015991085948324	0.01691579243992547	0.24142484332346495	0.24125158103957117	0.017326228389377696	1668.4375	0.4888477878699092	818.4375	0.2398000292997363	576.875	0.4791320598006645	276.5	0.22965116279069767	3393	1195
77	0.15387232152735036	CRC	hard	ENSG00000167642	SPINT2	52158.0	49856.0	2302.0	48751.0	3407.0	1105.0	0.0006718798654347095	0.5548609513401588	0.555058568677792	-0.019761733763323797	0.3078123202576786	0.308058458360077	-0.024613810239842993	1867.0	0.5479894335192251	1032.75	0.30312591722923393	599.5625	0.5425904977375565	336.4375	0.3044683257918552	3372	1095
78	0.15454203212993806	CRC	hard	ENSG00000130066	SAT1	51181.0	48959.0	2222.0	47785.0	3396.0	1174.0	0.000669710602587694	0.508765459838612	0.508833922261484	-0.006846242287206206	0.25494812528086597	0.2549888682366878	-0.004074295582184861	1729.1875	0.5091835983510011	870.875	0.2564414016489988	602.0625	0.5128300681431005	306.375	0.26096678023850084	3369	1170
79	0.15520799582397182	CRC	hard	ENSG00000108639	SYNGR2	50289.0	48058.0	2231.0	46912.0	3377.0	1146.0	0.0006659636940337581	0.5490365686332995	0.5501282304715136	-0.10916618382140753	0.3012997375171509	0.301963252736277	-0.06635152191261096	1780.75	0.5273171453953213	972.625	0.2880145099200474	608.3125	0.5308136998254799	332.3125	0.2899760034904014	3344	1140
80	0.1558715930494452	CRC	hard	ENSG00000137563	GGH	48256.0	46053.0	2203.0	44891.0	3365.0	1162.0	0.0006635972254733775	0.5532731681034483	0.5536637135474345	-0.039054544398620106	0.3070835750994695	0.3073537554556706	-0.02701803562011329	1810.3125	0.537982912332838	1002.75	0.29799405646359584	609.4375	0.5244728915662651	338.6875	0.2914694492254733	3322	1156
81	0.15653519027491858	CRC	hard	ENSG00000198363	ASPH	50766.0	48469.0	2297.0	47401.0	3365.0	1068.0	0.0006635972254733775	0.5571186916440137	0.5581157543997194	-0.09970627557056577	0.3072959756529961	0.30803193793971406	-0.07359622867179616	1829.9375	0.5438150074294205	1004.8125	0.2986069836552749	598.5625	0.5604517790262172	334.625	0.3133192883895131	3332	1062
82	0.15719582941469146	CRC	hard	ENSG00000198561	CTNND1	50405.0	48169.0	2236.0	47055.0	3350.0	1114.0	0.0006606391397729019	0.5302685745461759	0.5300867778031514	0.018179674302454263	0.28616704691994843	0.28629668458967383	-0.012963766972540203	1755.5625	0.5240485074626866	929.5	0.27746268656716416	561.125	0.5037028725314183	295.875	0.26559694793536803	3330	1111
83	0.1578517356173436	CRC	hard	ENSG00000148730	EIF4EBP2	49341.0	47086.0	2255.0	46015.0	3326.0	1071.0	0.0006559062026521408	0.48562807806894875	0.48594327400925963	-0.031519594031087506	0.2529488660545996	0.25327857537272225	-0.03297093181226507	1608.125	0.4835012026458208	830.625	0.24973692122669874	527.875	0.4928804855275444	275.75	0.25746965452847803	3300	1068
84	0.15849423183148692	CRC	hard	ENSG00000079112	CDH17	48160.0	45980.0	2180.0	44902.0	3258.0	1078.0	0.0006424962141433177	0.5584886316445182	0.558566224445411	-0.007759280089281173	0.3118835651993355	0.3117822966507177	0.010126854861780554	1777.5	0.5455801104972375	991.25	0.3042510742786986	563.5625	0.5227852504638218	306.6875	0.2844967532467532	3217	1072
85	0.1591353476056367	CRC	hard	ENSG00000125844	RRBP1	49758.0	47596.0	2162.0	46507.0	3251.0	1089.0	0.0006411157741497624	0.5529688693275453	0.5538648205731574	-0.08959512456121477	0.2986039933277061	0.2991296537524162	-0.05256604247100838	1746.5	0.5372193171331898	940.5	0.2892956013534297	593.625	0.5451101928374655	319.9375	0.2937901744719926	3223	1086
86	0.15977429411693944	CRC	hard	ENSG00000114942	EEF1B2	47815.0	45620.0	2195.0	44575.0	3240.0	1045.0	0.0006389465113027468	0.49016522011920943	0.48938787812363	0.07773419955794392	0.2555095158423089	0.2549430074528716	0.05665083894373368	1626.5	0.5020061728395062	856.1875	0.2642554012345679	515.125	0.4929425837320574	269.5	0.2578947368421053	3214	1044
87	0.1604087048968348	CRC	hard	ENSG00000164924	YWHAZ	48598.0	46509.0	2089.0	45381.0	3217.0	1128.0	0.0006344107798953508	0.5021232869665418	0.5021165258337096	0.0006761132832266981	0.26713033458167	0.2671915650734267	-0.006123049175665862	1617.375	0.5027587814734225	864.3125	0.2686703450419646	568.125	0.503656914893617	309.125	0.27404698581560283	3182	1125
88	0.16104035479674303	CRC	hard	ENSG00000104341	LAPTM4B	48766.0	46649.0	2117.0	45563.0	3203.0	1086.0	0.0006316498999082402	0.5533517204609769	0.5543058264914574	-0.09541060304805171	0.30745037526145264	0.3078830735921456	-0.043269833069298214	1713.9375	0.5351038089291289	949.0	0.29628473306275366	587.0	0.5405156537753223	318.3125	0.29310543278084716	3161	1084
89	0.16167101866808445	CRC	hard	ENSG00000165949	IFI27	50129.0	48010.0	2119.0	46931.0	3198.0	1079.0	0.000630663871341415	0.503119451814319	0.5037869714642783	-0.06675196499592584	0.2672517405094855	0.2679064257446365	-0.0654685235150998	1561.5	0.48827392120075047	815.9375	0.2551399312070044	527.4375	0.4888206672845227	281.0625	0.2604842446709917	3150	1075
90	0.16229951327657885	CRC	hard	ENSG00000125534	PPDPF	49155.0	47042.0	2113.0	45968.0	3187.0	1074.0	0.0006284946084943995	0.47097828298240263	0.47036026316908297	0.061801981331965905	0.24842844064693317	0.24806157263721781	0.03668680097153598	1515.4375	0.4755059617194854	801.75	0.251568873548792	491.1875	0.45734404096834264	259.5625	0.24167830540037244	3153	1071
91	0.16292011965653863	CRC	hard	ENSG00000101311	FERMT1	47738.0	45671.0	2067.0	44591.0	3147.0	1080.0	0.0006206063799597977	0.5299852842599188	0.530577390466598	-0.059210620667926595	0.29183512086807156	0.29239834906176787	-0.056322819369630794	1628.0	0.517318080711789	881.75	0.2801874801398157	559.5625	0.5181134259259259	304.25	0.28171296296296294	3113	1074
92	0.16353954280221825	CRC	hard	ENSG00000105357	MYH14	46228.0	44075.0	2153.0	43087.0	3141.0	988.0	0.0006194231456796074	0.5425999935104265	0.5436627906976744	-0.10627971872478881	0.29923017435320587	0.299804310833806	-0.05741364806001181	1624.75	0.5172715695638331	892.0625	0.2840058898439987	503.375	0.5094888663967612	273.125	0.2764423076923077	3111	983
93	0.1641587687421845	CRC	hard	ENSG00000183779	ZNF703	48748.0	46630.0	2118.0	45608.0	3140.0	1022.0	0.0006192259399662424	0.5350450274883072	0.5353634998927729	-0.031847240446569725	0.2936299950767211	0.29407168132103795	-0.04416862443168412	1635.6875	0.5209195859872612	883.625	0.28140923566878984	517.3125	0.506176614481409	282.3125	0.2762353228962818	3106	1017
94	0.16477069807075623	CRC	hard	ENSG00000076043	REXO2	45654.0	43562.0	2092.0	42551.0	3103.0	1011.0	0.0006119293285717357	0.5241709379243877	0.5244020017446398	-0.02310638202520643	0.281529274543304	0.28132030209815895	0.02089724451450614	1594.25	0.513776990009668	868.8125	0.2799911376087657	507.75	0.5022255192878339	270.75	0.2678041543026706	3077	1008
95	0.16538104975362103	CRC	hard	ENSG00000164733	CTSB	46807.0	44741.0	2066.0	43712.0	3095.0	1029.0	0.0006103516828648153	0.4737752900207234	0.47404226548356093	-0.02669754628375487	0.22372722028756384	0.2240310900516305	-0.030386976406665545	1447.125	0.4675686591276252	677.75	0.21898222940226172	480.25	0.46671525753158405	229.125	0.222667638483965	3063	1024
96	0.1659900209964923	CRC	hard	ENSG00000233041	PHGR1	46713.0	44678.0	2035.0	43625.0	3088.0	1053.0	0.0006089712428712599	0.5098072271102263	0.5100720712654998	-0.026484415527350258	0.27787767859054224	0.27843681453959446	-0.05591359490522141	1567.25	0.5075291450777202	839.8125	0.27196000647668395	541.625	0.514363722697056	299.3125	0.28424738841405506	3039	1043
97	0.1665982034165101	CRC	hard	ENSG00000184357	HIST1H1B	49261.0	47341.0	1920.0	46177.0	3084.0	1164.0	0.0006081824200177998	0.5013436085341345	0.501485234785915	-0.014162625178049115	0.2659076145429447	0.2659441604528844	-0.00365459099396781	1540.4375	0.49949335278858625	813.625	0.26382133592736706	584.5625	0.5022014604810997	304.8125	0.2618664089347079	3030	1153
98	0.1672046109851076	CRC	hard	ENSG00000167468	GPX4	45612.0	43562.0	2050.0	42537.0	3075.0	1025.0	0.0006064075685975143	0.48047251819696574	0.4815033745007116	-0.10308563037458862	0.24196209330877838	0.24265127863734448	-0.06891853285660998	1428.9375	0.46469512195121954	713.625	0.23207317073170733	488.875	0.4769512195121951	247.625	0.24158536585365853	3057	1020
99	0.16780766605657793	CRC	hard	ENSG00000142634	EFHD2	44101.0	42042.0	2059.0	41043.0	3058.0	999.0	0.0006030550714703086	0.509567526813451	0.510660470481899	-0.1092943668448032	0.2644540373234167	0.26532990818705104	-0.08758708636343315	1499.0	0.49018966644865924	774.1875	0.25316792020928713	495.75	0.49624624624624625	266.5	0.26676676676676675	3037	993
100	0.16840756583663438	CRC	hard	ENSG00000080824	HSP90AA1	46112.0	44102.0	2010.0	43070.0	3042.0	1032.0	0.0005998997800564679	0.512508945610687	0.5134418507097184	-0.09329050990313226	0.2720766828591256	0.27289578703913653	-0.081910418001091	1512.25	0.49712360289283364	788.25	0.25912228796844183	523.25	0.5070251937984496	277.5	0.2688953488372093	3014	1028
1	0.013260432211449763	CRC	soft_expected	ENSG00000211592	IGKC	1309335.6652906267	1251508.0	57827.6652906267	1231856.3098450706	77479.35544555612	19651.69015492942	0.013260432211449721	0.5459545430166253	0.5460725680538998	-0.01180250372745384	0.2351430285739102	0.23518652098108841	-0.00434924071782139	40395.60420528756	0.5213724865544744	17402.5251452312	0.22460854307777198	8972.036906173973	0.45655293948970754	3859.183888956537	0.19637923550247413	69933	30970
2	0.026439879054626997	CRC	soft_expected	ENSG00000205542	TMSB4X	1089870.3000436048	1043061.0	46809.3000436048	1012864.1338602251	77006.16618337968	30196.866139775	0.013179446843177192	0.46048786722940943	0.46061789531005376	-0.01300280806443288	0.21757886504258725	0.2176883710540419	-0.0109506011454652	35105.14098897109	0.45587441537308826	16648.61852285461	0.21619851172967364	13685.6534652112	0.4532143634330517	6578.125595740618	0.2178413337758907	112266	58594
3	0.037051041785733166	CRC	soft_expected	ENSG00000198938	MT-CO3	891329.5452729212	852467.0	38862.54527292121	829329.601694602	61999.94357831926	23137.398305398	0.010611162731106133	0.4950889808221267	0.4954949869027188	-0.040600608059210286	0.2610345144467505	0.2613143675942881	-0.027985314753758983	30102.844825224725	0.48553019709120154	15835.584304787382	0.2554128825098628	11208.53367940075	0.48443362263361206	5929.684242428693	0.25628137460231587	85955	43493
4	0.04372206914486118	CRC	soft_expected	ENSG00000198899	MT-ATP6	542292.172866967	518661.0	23631.17286696704	503314.039145306	38978.13372166097	15346.960854693974	0.006671027359127998	0.49035298706741376	0.4907637165701682	-0.041072950275444775	0.2577606477962193	0.25804318716849733	-0.02825393722780123	18780.717943930216	0.4818270181441082	9864.673942785383	0.25308225409733703	7406.131115335591	0.48257965765712985	3920.0296697770286	0.2554270977095807	57695	30745
5	0.049632720344148694	CRC	soft_expected	ENSG00000198727	MT-CYB	475740.37383710634	454898.0	20842.373837106337	441205.040608007	34535.333229099335	13692.959391993034	0.0059106511992875	0.4927582413267219	0.49288095902817775	-0.012271770145583227	0.25887497945729604	0.25898553082229425	-0.011055136499821261	16841.63546994852	0.48766390520181296	8847.62665354303	0.25619056850704003	6627.208029856584	0.4839865393694111	3502.3471494541227	0.255777224571492	51937	28077
6	0.05532979658970433	CRC	soft_expected	ENSG00000212907	MT-ND4L	454567.6391218491	434439.0	20128.63912184909	421280.20260460593	33287.43651724312	13158.797395394067	0.005697076245555622	0.49220067298159237	0.4924923291877571	-0.029165620616472543	0.25933174728500874	0.25955254937977484	-0.02208020947661038	16121.0251889793	0.48429758718814225	8479.425564529452	0.2547335106485912	6340.40229755096	0.4818375195722879	3355.355451840003	0.2549895215359473	50075	27075
7	0.06047772254092452	CRC	soft_expected	ENSG00000162896	PIGR	425365.90309584973	406171.0	19194.90309584973	395287.09584267467	30078.80725317505	10883.904157325323	0.005147925951220168	0.5536402334089678	0.5540622053273129	-0.04219719183450321	0.3042153565809011	0.30452214092094215	-0.030678434004105526	16141.55852450336	0.5366422407856446	8824.670565592578	0.29338499001356066	5685.880650300444	0.5224118632534639	3109.893177931094	0.2857332380897535	40891	20542
8	0.06557935238885586	CRC	soft_expected	ENSG00000198886	MT-ND4	419121.43178773846	402139.0	16982.43178773846	389313.12795294845	29808.30383479	12825.872047051587	0.005101629847931326	0.48495567771303444	0.48550563362419463	-0.05499559111601937	0.25355963828263045	0.2539624047903834	-0.040276650775294964	14152.56609027951	0.4747860250190319	7379.191931230833	0.2475549085962549	6137.998093598883	0.47856380221802436	3235.1007906339905	0.2522324235549875	46103	26305
9	0.07013643781782544	CRC	soft_expected	ENSG00000168542	COL3A1	361590.079508253	345663.0	15927.079508253024	334963.49327661947	26626.58623163357	10699.506723380526	0.004557085428969564	0.3872583379132959	0.3872218027385054	0.0036535174790464087	0.1568078520906565	0.15673213505639885	0.007571703425765519	10374.713718656418	0.38963739581196466	4261.057698465775	0.1600301916812546	4194.190522353451	0.3919984940229366	1737.3939934872467	0.16238075627268864	40656	22343
10	0.07422311214105798	CRC	soft_expected	ENSG00000198712	MT-CO2	328277.487420711	314295.0	13982.487420711026	304399.46539013466	23878.02203057634	9895.534609865364	0.004086674323232529	0.4875342803862515	0.4877523504987353	-0.021807011248375918	0.2570999806933884	0.2571829411858286	-0.008296049244016501	11465.924539311793	0.4801873674724573	6063.81305521879	0.25394955442515055	4717.520942649386	0.4767322968024636	2494.9898772792963	0.2521329039455749	37413	21093
11	0.07719589287264245	CRC	soft_expected	ENSG00000211896	IGHG1	243521.54677942148	232547.0	10974.546779421478	226151.89160594565	17369.6551734758	6395.108394054334	0.0029727807315844605	0.5379168783814564	0.5381473960102688	-0.02305176288124322	0.23124691658180938	0.2313715076952186	-0.012459111340923368	9025.329443829512	0.5196032594597257	3884.9345010281763	0.223662154615518	3175.5416816194725	0.4965579136347149	1376.0776870543978	0.21517660096797828	24383	12553
12	0.07991326692775336	CRC	soft_expected	ENSG00000198888	MT-ND1	212664.67459263199	203556.0	9108.674592631985	196787.33462835252	15877.339964279461	6768.6653716474575	0.002717374055110896	0.48245131460114643	0.48277531735738566	-0.03240027562392278	0.25363648787343496	0.2537259402817898	-0.00894524083548398	7559.76764070761	0.47613565356132903	4000.117883996746	0.2519387940924699	3231.228314267073	0.47738041945492266	1708.0342255745766	0.25234431483777875	25546	15154
13	0.0824258686052219	CRC	soft_expected	ENSG00000108821	COL1A1	192685.00715853582	184044.0	8641.007158535824	178004.13135015953	14680.875808376313	6039.868649840494	0.0025126016774685484	0.3696259289698544	0.36954953706722304	0.0076391902631367525	0.14813427230987813	0.14813611147334332	-0.00018391634651893085	5459.054053585993	0.3718479826980947	2217.776518662104	0.15106568215751343	2251.0542840495154	0.3726992116143061	938.0856982087145	0.15531557929384576	22981	13135
14	0.08481851870424216	CRC	soft_expected	ENSG00000198763	MT-ND2	187975.82239937177	180082.0	7893.822399371769	173995.8114523102	13980.010947061597	6086.188547689814	0.0023926500990202543	0.4916403129150946	0.49178360413589367	-0.014329122079909107	0.25942149844063966	0.25953628069435036	-0.011478225371069906	6809.904835618673	0.4871172749009914	3588.2693425567677	0.25667142580535474	2954.7876907192385	0.48549065931268465	1561.1123251000608	0.2565008153900565	22636	13489
15	0.08714690409472435	CRC	soft_expected	ENSG00000105388	CEACAM5	182097.4108948922	174158.0	7939.410894892208	168492.8920974098	13604.518797482444	5665.10790259023	0.002328385390482188	0.5673410226927631	0.5676921243927927	-0.035110170002961016	0.31828377150977866	0.31850711710056384	-0.022334559078518446	7527.393340919586	0.5533009622003354	4202.900948570843	0.3089341865842842	3084.187014106996	0.5444180529547951	1714.8127267787486	0.30269727536781654	21608	12174
16	0.08933750529828537	CRC	soft_expected	ENSG00000164692	COL1A2	167465.18361174467	159897.0	7568.1836117446655	154665.72379145195	12799.459820292712	5231.276208548039	0.002190601203561002	0.37319161875715895	0.3734173405379713	-0.022572178081237126	0.15015969538779114	0.15033466856789057	-0.01749731800994303	4793.83489946735	0.37453415743897533	1946.2119360048316	0.15205422442275565	2005.5444419354249	0.38337575038731736	837.7534768047306	0.16014323148065093	20392	11906
17	0.09147270848542226	CRC	soft_expected	ENSG00000148346	LCN2	173127.90835063352	165811.0	7316.9083506335155	160652.13350056356	12475.77485006996	5158.86649943645	0.0021352031871368724	0.5381864323882461	0.5389517281724373	-0.07652957841911556	0.2965683980851279	0.2971794693958784	-0.06110713107504995	6453.83450961203	0.5173093124212512	3522.3742445768844	0.2823371122762072	2642.8681675455055	0.5122962898602261	1453.7328012006992	0.2817930646895987	18917	10638
18	0.09360147303999804	CRC	soft_expected	ENSG00000163586	FABP1	176959.85989852354	169123.0	7836.859898523544	164521.70532302908	12438.154575494462	4601.294676970922	0.002128764554575776	0.49977000897108503	0.5000587590097149	-0.028875003862982584	0.2720427108230343	0.27215362487656913	-0.011091405353486072	6070.964825652025	0.4880920870378138	3299.061298386206	0.2652372004514228	2203.171556645142	0.4788155750319194	1185.858804727799	0.2577228558437952	17799	9212
19	0.09556834998359276	CRC	soft_expected	ENSG00000198695	MT-ND6	145064.92462366435	138407.0	6657.924623664352	133572.6628783148	11492.261745349546	4834.33712168521	0.001966876943594722	0.48461611370937546	0.4845830593828347	0.003305432654077123	0.2523152307055038	0.25229666852110083	0.001856218440299262	5531.761996749068	0.4813466765136592	2877.471250232033	0.2503833722196964	2300.649490085603	0.47589761164269306	1195.0063265356216	0.24719135146269075	18601	10948
20	0.09752525963293188	CRC	soft_expected	ENSG00000034510	TMSB10	151715.95200345994	145095.0	6620.952003459941	140281.92814373487	11434.023859725085	4813.071856265149	0.001956909649339106	0.4810216109805132	0.48128338330059617	-0.02617723200829536	0.24269816311920023	0.24296581550018953	-0.026765238098930277	5427.991726119378	0.47472279161833814	2736.7268352644105	0.2393494074211431	2281.152581972852	0.47394941320136086	1168.6689681439111	0.24281145244541927	18676	11386
21	0.09924085292675995	CRC	soft_expected	ENSG00000198840	MT-ND3	128780.08617832052	123126.0	5654.086178320518	118756.04921685974	10024.036961460786	4369.950783140259	0.001715593293828067	0.48120422426933984	0.48189710134333935	-0.06928770739995094	0.2518689836194344	0.2524979492552345	-0.06289656358001161	4727.233193611374	0.4715897608704031	2452.767841930326	0.24468862708312364	2091.7742228339175	0.4786722612309978	1106.1209257735263	0.25311976739899683	16232	9899
22	0.10092060090274683	CRC	soft_expected	ENSG00000197956	S100A6	126252.55396758838	120556.0	5696.553967588377	116437.9575490744	9814.59641851396	4118.042450925589	0.0016797479759868884	0.4878063232759593	0.48819687531105876	-0.039055203509946734	0.2584183021336897	0.2586676523773184	-0.024935024362870983	4724.583688698032	0.4813833893144826	2498.665705112667	0.254586699092309	1992.8520335691599	0.48393188203323106	1056.6325687662877	0.2565861283262863	16000	9487
23	0.10251448534399239	CRC	soft_expected	ENSG00000167996	FTH1	123749.67359814112	118462.0	5287.673598141118	114436.76907186373	9312.904526277396	4025.230928136268	0.0015938844412455386	0.4537590815187916	0.4538048066046496	-0.004572508585803936	0.22580311591430122	0.22578284597592477	0.0020269938376449304	4197.432583599915	0.4507114372059106	2099.798463686742	0.22547191993238272	1803.519353457186	0.44805363609094545	903.4240718486597	0.2244403086376354	15235	9384
24	0.10399445129123842	CRC	soft_expected	ENSG00000115414	FN1	119703.70951931339	114520.0	5183.709519313386	111056.41915610891	8647.290363204467	3463.580843891095	0.0014799659472460424	0.49077098382480894	0.4914059771219001	-0.06349932970911576	0.25527682743799185	0.25568950838281523	-0.04126809448233848	4161.317885992215	0.48122795826300163	2146.612689207306	0.2482410788865688	1690.0230977198653	0.4879409991831577	870.5919905580378	0.25135604733856526	13442	7576
25	0.10543377918500987	CRC	soft_expected	ENSG00000170421	KRT8	112991.11420958475	108192.0	4799.114209584746	104581.26785571325	8409.846353871508	3610.7321442867556	0.001439327893771436	0.5154470513638328	0.5154083712289264	0.003868013490648803	0.28124662064418277	0.28131296676279205	-0.006634611860928397	4280.117750668332	0.5089412541642883	2326.0291827245424	0.27658402839354435	1802.2436010238296	0.4991352249364471	983.4726484577898	0.27237485616703355	13585	8262
26	0.10683227206451053	CRC	soft_expected	ENSG00000113140	SPARC	109097.04808138154	104582.0	4515.0480813815375	100925.79655872358	8171.251522657948	3656.203441276421	0.0013984928795006614	0.3708182955777163	0.37126549023732575	-0.044719465960946225	0.15038639438802243	0.1505451463923046	-0.015875200428216996	3021.4717984174454	0.36976854647531643	1241.5898461765905	0.1519461055303222	1393.977876319433	0.38126376136027595	579.1906468409027	0.15841313431910692	13637	8472
27	0.10823040086927159	CRC	soft_expected	ENSG00000135916	ITM2C	109618.94101281857	104887.0	4731.94101281857	101449.81674179996	8169.124271018616	3437.1832582000393	0.0013981288047610378	0.547323869159442	0.5480046383250545	-0.06807691656125492	0.2971604474025724	0.29748979854510094	-0.03293511425285223	4345.82710970386	0.5319820051117883	2355.4323578998205	0.28833352018601616	1827.3266814072372	0.5316349301561998	983.8313027345188	0.28623184416699526	13389	8025
28	0.10946056514570845	CRC	soft_expected	ENSG00000104904	OAZ1	93181.71941650289	89070.0	4111.719416502892	85993.9947850101	7187.724631492796	3076.005214989895	0.0012301642764368705	0.4937597412616797	0.4938980577074211	-0.013831644574141544	0.2534485202119803	0.25324113057146064	0.02073896405196396	3517.7522428599104	0.48941110340357036	1824.0277881417005	0.2537698481310453	1499.8705734489931	0.48760339096301575	763.4463912211035	0.24819411472409075	11937	7358
29	0.11067754529412589	CRC	soft_expected	ENSG00000075624	ACTB	99089.3027785493	95386.0	3703.302778549303	91978.61166487614	7110.69111367315	3407.3883351238565	0.0012169801484174432	0.4715374934839978	0.4724127492504141	-0.0875255766416283	0.2293229487178952	0.22980049483152665	-0.04775461136314607	3295.9848465936298	0.46352524584505994	1617.9453346283535	0.22753700150428502	1633.2258833197152	0.4793189747362179	814.2442350510987	0.23896431958099706	11926	7903
30	0.1118860661112307	CRC	soft_expected	ENSG00000167658	EEF2	91896.92863211289	87899.0	3997.9286321128893	84835.66453010516	7061.264102007722	3063.3354698948338	0.001208520817104801	0.48090087201136716	0.48118223756811795	-0.028136555675079	0.24125021345019973	0.24124421210707744	0.0006001343122286062	3359.766708183559	0.47580244268562055	1697.5894878491974	0.2404087233285218	1461.8910938339557	0.4772220046419347	732.5608399341588	0.23913830108829318	11691	7364
31	0.11308208800632873	CRC	soft_expected	ENSG00000019582	CD74	89647.63330485972	85625.0	4022.6333048597153	82659.3991316965	6988.234173163212	2965.6008683035025	0.0011960218950980205	0.4793003660513388	0.4795788321167883	-0.02784660654495119	0.20834468369347275	0.20843503649635037	-0.00903528028776135	3269.201388238158	0.4678150885087412	1433.2925165448357	0.20510081388644397	1364.9954295826278	0.46027617680173033	602.9347117754243	0.2033094602242743	11431	7025
32	0.11425665631321424	CRC	soft_expected	ENSG00000160180	TFF3	90527.07354659808	86600.0	3927.0735465980833	83664.19050529794	6862.883041300151	2935.8094947020554	0.001174568306885524	0.5307516317592895	0.5317508660508083	-0.09992342915188246	0.29197596605134724	0.2925433025404157	-0.05673364890684818	3516.719764250412	0.5124260085866451	1926.375853032705	0.2806948393903795	1518.9527610000252	0.5173880538710426	828.8961004633542	0.28233988000896354	11292	6701
33	0.1153725372487751	CRC	soft_expected	ENSG00000272398	CD24	86084.4901130269	82385.0	3699.490113026899	79564.51140776373	6519.97870526318	2820.4885922362732	0.0011158809355608411	0.5091723591044642	0.5089366996419251	0.02356594625391173	0.277571088584678	0.2774511440189355	0.011994456574249135	3299.3013088118464	0.5060294608245457	1796.4224367883464	0.27552581350276567	1396.208395656941	0.4950235925435646	759.6693058584628	0.26933961298391423	10715	6623
34	0.11642934476332759	CRC	soft_expected	ENSG00000197747	S100A10	80326.58281852791	76780.0	3546.5828185279097	74151.76409830197	6174.81872022594	2628.2359016980254	0.0010568075145524862	0.48132391466134344	0.4817099179473821	-0.038600328603866085	0.2552943132331172	0.25549866501693147	-0.020435178381428276	2913.501917063203	0.47183602451678075	1541.346944083859	0.24961816919986604	1236.0841234808333	0.4703094279635386	651.6146490646775	0.24792852446908914	10320	6371
35	0.11745506361713187	CRC	soft_expected	ENSG00000125730	C3	80554.10892363069	77163.0	3391.108923630687	74560.9380832043	5993.170840426389	2602.0619167957	0.0010257188538042937	0.42410534816224493	0.42458172958542306	-0.04763814231781294	0.17061362832325708	0.17073435454816427	-0.012072622490719165	2526.1944025316734	0.421512162725524	1036.331499059685	0.17291873144499822	1124.7659915760091	0.4322595032485231	467.07769925217326	0.17950291506796826	9978	6230
36	0.11846947117442418	CRC	soft_expected	ENSG00000026025	VIM	77593.28350566168	74341.0	3252.283505661675	71666.20341921895	5927.080086442744	2674.796580781063	0.0010144075572922886	0.41912146203172485	0.41939424409141657	-0.027278205969172298	0.1716130077000729	0.17170790680781803	-0.009489910774512778	2468.3171786992807	0.4164474146966843	1023.4484865027033	0.17267330145305096	1125.4942519643737	0.42077751259713364	472.3692267716386	0.17660005630547906	9742	6307
37	0.11948231915412262	CRC	soft_expected	ENSG00000127324	TSPAN8	77547.28123187397	74155.0	3392.2812318739743	71629.31359854064	5917.967633333341	2525.6864014593666	0.001012847979698459	0.5472468153020773	0.5477816735216776	-0.05348582196003093	0.30456673429984565	0.3048302541972895	-0.02635198974438313	3134.3791296488794	0.5296377614494346	1733.4891373788917	0.29291967188446594	1317.6264401712644	0.5216904360770707	719.8544387552781	0.2850133881780965	9759	5876
38	0.12048701623866191	CRC	soft_expected	ENSG00000197746	PSAP	76163.79855734512	72864.0	3299.798557345115	70293.45577463262	5870.3427827125	2570.5442253673828	0.0010046970845392722	0.48702712447479884	0.48760876427316646	-0.05816397983676169	0.23160803599745505	0.23224431818181818	-0.06362821843631239	2803.728964448253	0.4776090712632523	1315.727030156401	0.224131209855593	1239.0181639866955	0.4820061649822869	597.8292321839339	0.23256912924674228	9784	6260
39	0.1214772334020354	CRC	soft_expected	ENSG00000170144	HNRNPA3	75215.59553468775	71922.0	3293.5955346877454	69429.85745723206	5785.738077455674	2492.142542767936	0.000990217163373483	0.506170487317578	0.5072335307694447	-0.10630434518666965	0.26223784272369394	0.2628759280887628	-0.06380853650688745	2850.979730159808	0.4927599023655681	1478.5985740388164	0.2555591964662601	1260.3150844850754	0.5057154889243564	660.7855618444215	0.2651475790427742	9610	5959
40	0.12242589862404031	CRC	soft_expected	ENSG00000171747	LGALS4	73088.31981239979	69882.0	3206.3198123997863	67545.36549820397	5542.9543141958	2336.6345017960207	0.0009486652220049147	0.5193787377476866	0.5198101800177442	-0.0431442270057536	0.2850692080809435	0.28553937351535447	-0.0470165434410974	2849.06489516761	0.5139975424064029	1555.311882162128	0.28059258546997073	1213.9206069042293	0.5195166834912206	674.1449332747376	0.2885110755475731	9093	5548
41	0.1233616955886844	CRC	soft_expected	ENSG00000076554	TPD52	71404.19809704437	68350.0	3054.198097044369	65936.43170056684	5467.7663964775165	2413.568299433164	0.0009357969646441012	0.5103916737391128	0.5102249451353329	0.01667286037798643	0.27619448247057765	0.27611375274323335	0.00807297273442975	2787.871488417656	0.5098739204026124	1503.6906665158756	0.27501004203189694	1217.6383096680352	0.5044971422412211	654.6201268761419	0.2712250268740611	9074	5701
42	0.12428219092162993	CRC	soft_expected	ENSG00000166710	B2M	69224.93669406333	66087.0	3137.9366940633336	63846.57617383228	5378.360520231044	2240.4238261677224	0.0009204953329455167	0.48224458476401827	0.48246724015313147	-0.022265538911320215	0.22597519392131946	0.22625762252787993	-0.028242860656046975	2583.9034521150775	0.48042585512733127	1208.3588707122856	0.2246704857673574	1085.3651007709639	0.4844463302407816	517.9278770802	0.23117406226040865	8907	5572
43	0.1251718805550142	CRC	soft_expected	ENSG00000221983	UBA52	68081.23697361868	65160.0	2921.236973618681	62882.871019778504	5198.365953840179	2277.1289802214937	0.0008896896333842635	0.47520199103173266	0.47462879834254146	0.057319268919120425	0.23871288944769817	0.23834119858809086	0.037169085960730985	2461.579415251537	0.47352945850861056	1239.656414697915	0.2384704012194728	1036.0525534847864	0.45498193667712694	518.1001195519189	0.22752339636972335	8661	5598
44	0.12602928099870253	CRC	soft_expected	ENSG00000010278	CD9	66691.02815878275	63905.0	2786.0281587827485	61681.32465316498	5009.703505617748	2223.675346835015	0.000857400443688337	0.5468661997297546	0.5476332055394727	-0.07670058097181132	0.3020718517735503	0.3026866051169705	-0.06147533434202046	2650.731987171105	0.5291195345590103	1442.5956397985994	0.2879602831147414	1176.1628619075877	0.5289274190054924	640.3007671930801	0.28794705490818534	8381	5271
45	0.1268841304201622	CRC	soft_expected	ENSG00000142192	APP	66520.05387190013	63821.0	2699.0538719001343	61525.25572946019	4994.798142439958	2295.7442705398116	0.0008548494214596476	0.5043140388173376	0.5052568903652402	-0.09428515479026345	0.26014116857612435	0.2606753654753138	-0.05341968991894319	2445.3472313867355	0.4895787901034543	1260.5832644202992	0.2523792210358484	1144.350200902089	0.4984658855896921	592.5412164374865	0.2581041904541741	8459	5547
46	0.12771330126491168	CRC	soft_expected	ENSG00000089356	FXYD3	63513.270141035755	60773.0	2740.270141035755	58668.50930812966	4844.76083290609	2104.4906918703346	0.0008291708447494918	0.5296228439472286	0.5296883484442104	-0.006550449698183858	0.2925936343384333	0.2924335231105919	0.01601112278413752	2509.2193945880895	0.5179243065096683	1384.2050444478693	0.28571173937962285	1061.8906341041456	0.5045831935518832	572.6890051635664	0.2721271267085518	7929	4807
47	0.12852470517981326	CRC	soft_expected	ENSG00000086548	CEACAM6	63358.90530838469	60740.0	2618.9053083846884	58617.954837834215	4740.9504705504705	2122.0451621657803	0.0008114039149015786	0.5399710368848484	0.5407443612117221	-0.07733243268737144	0.29731015371250313	0.29763952914059927	-0.032937542809613474	2477.9579685157564	0.5226711360745436	1350.5120561330073	0.28486103462207224	1110.796673258272	0.523455717655218	591.8911798411644	0.27892487417047923	7889	4856
48	0.12932992355646897	CRC	soft_expected	ENSG00000090382	LYZ	61192.52993398989	58460.0	2732.529933989892	56487.72093369716	4704.809000292738	1972.2790663028454	0.0008052183766556964	0.48743997361230273	0.48809549264454327	-0.06555190322405369	0.22116637709771772	0.2216376582278481	-0.047128113013036876	2247.1319706136183	0.47762448390015394	1015.5748319174777	0.21585888648280674	953.5092943195165	0.48345556701918785	438.78218097329875	0.22247469360196684	7663	4679
49	0.13011204906029544	CRC	soft_expected	ENSG00000106211	HSPB1	59442.153034519346	56897.0	2545.153034519346	54872.27333921934	4569.879695300011	2024.726660780661	0.0007821255038264773	0.4836303549401634	0.48380296852206617	-0.017261358190279186	0.2521717015366674	0.2523902841977609	-0.021858266109348046	2177.7320691134696	0.47654034992501093	1134.6346883371382	0.24828546132277335	956.6399986212971	0.47247859039523465	505.2558146194109	0.249542728115509	7663	4860
50	0.13089039700366242	CRC	soft_expected	ENSG00000084207	GSTP1	59301.842475487305	56678.0	2623.842475487305	54754.03468138114	4547.80779410616	1923.9653186188566	0.0007783479433669748	0.48673570992028503	0.4864365362221673	0.02991736981177162	0.254929418714429	0.254736185115918	0.019323359851097788	2227.6316259738774	0.48982536791920483	1168.5188148273905	0.2569411170678234	933.5572290866222	0.4852256015491944	488.6720838567847	0.25399214794972724	7603	4710
51	0.13166667397952986	CRC	soft_expected	ENSG00000118816	CCNI	59717.229155508285	57240.0	2477.2291555082847	55181.52181366904	4535.707341839246	2058.4781863309636	0.0007762769758674316	0.4583172488676879	0.4586543501048218	-0.03371012371339299	0.22377331174500514	0.22392994409503844	-0.01566323500332978	2047.8770099881788	0.45150113436502215	1002.6242485690249	0.22105135384737085	931.8158334343693	0.45267219231272987	457.25211220555883	0.22213114291998698	7606	4949
52	0.1324385620798276	CRC	soft_expected	ENSG00000164713	BRI3	58849.46703079472	56355.0	2494.4670307947235	54339.403442103925	4510.0635886907985	2015.5965578960752	0.0007718881002977184	0.4882730494777778	0.4883694880667199	-0.00964385889421493	0.2527552320296227	0.25263397214089256	0.012125988873012972	2192.6118392109292	0.48615985031985115	1137.8599372701972	0.2522935463977572	980.0656119428262	0.48624096330360905	500.5367430820178	0.24833181080865172	7511	4826
53	0.13320467936705713	CRC	soft_expected	ENSG00000158747	NBL1	59658.751999304746	57146.0	2512.7519993047463	55182.406683879104	4476.345315425637	1963.5933161208957	0.0007661172872295327	0.4689097855764083	0.4690288909109999	-0.011910533459164041	0.23735843281858432	0.23744444055576944	-0.008600773718511756	2084.512195086858	0.4656727862132438	1055.7981946527707	0.23586165057786193	913.064587336788	0.4649967892234218	464.29031618523305	0.23644932602563787	7571	4921
54	0.13396897690456303	CRC	soft_expected	ENSG00000163359	COL6A3	56159.72276050647	53589.0	2570.722760506469	51694.0100574581	4465.712703048375	1894.9899425418994	0.0007642975375059	0.39420204836757744	0.3944081341320047	-0.020608576442726623	0.1590896729748334	0.1589155423687697	0.01741306060636938	1753.98159952362	0.3927663323093581	724.6787851549735	0.16227617702775524	751.6413515768342	0.39664661785412875	306.3718568286918	0.16167466114238638	7384	4486
55	0.13472594098748447	CRC	soft_expected	ENSG00000254772	EEF1G	58725.405878048135	56263.0	2462.4058780481355	54302.54180356128	4422.864074486852	1960.4581964387146	0.0007569640829214341	0.49142591206919534	0.4918463288484439	-0.04204167792485891	0.2562867015653884	0.2564773918916517	-0.019069032626328752	2138.6342902289134	0.4835405868711987	1115.3491728774727	0.2521780353394372	952.1981449754282	0.48570183577754994	494.99610230390454	0.2524900062664399	7355	4728
56	0.1354769908759606	CRC	soft_expected	ENSG00000108518	PFN1	55676.44844671762	53144.0	2532.4484467176226	51288.14040828559	4388.30803843203	1855.8595917144119	0.0007510498884761361	0.47686174118414987	0.4773457492849616	-0.04840081008117281	0.23142676846131877	0.23150896620502784	-0.008219774370907262	2062.639473156878	0.47003069408360676	1007.7644823147809	0.2296476166871051	880.7338239055675	0.4745692119369658	426.0564388876941	0.22957363843140222	7310	4618
57	0.136217375911728	CRC	soft_expected	ENSG00000122566	HNRNPA2B1	56797.03253907231	54496.0	2301.0325390723083	52471.03814929205	4325.9943897802605	2024.9618507079488	0.0007403850357673972	0.5190242678042429	0.519502578170875	-0.047831036663203985	0.27122393074384726	0.2716804903112155	-0.0456559567368231	2195.428456387904	0.5074968339243319	1136.366378094596	0.2626832759605862	1027.2027293421654	0.5072701636245859	537.1519582612071	0.2652652236749117	7177	4744
58	0.13695692947817462	CRC	soft_expected	ENSG00000176153	GPX2	56968.43459070182	54603.0	2365.4345907018214	52647.298391516	4321.136199185814	1955.7016084839943	0.0007395535664466021	0.5161228573501538	0.5170640807281651	-0.094122337801128	0.2807514600528114	0.28144401406516123	-0.06925540123498553	2173.021444987636	0.5028819608595247	1176.5213524401413	0.27227129583691917	1003.5602052693373	0.513145870983493	550.2376641775254	0.2813505198290727	7258	4607
59	0.13769094031076312	CRC	soft_expected	ENSG00000161011	SQSTM1	55610.258251611434	53212.0	2398.2582516114344	51321.50768208556	4288.750569525871	1890.4923179144364	0.0007340108325885156	0.5038086546260256	0.5040439656468466	-0.02353110208209719	0.26012182337342915	0.26046286551905584	-0.0341042145626691	2129.1474758714526	0.4964493601004252	1093.3545270652812	0.2549354431647802	933.4055827212575	0.4937367763287062	487.6627523888658	0.2579554266196904	7132	4557
60	0.13842411085152323	CRC	soft_expected	ENSG00000166165	CKB	58891.55931363428	56348.0	2543.5593136342795	54607.718483716715	4283.840829917562	1740.2815162832837	0.0007331705407600996	0.5121675440621948	0.5123495953716192	-0.01820513094243914	0.28031190085828955	0.28024508412011073	0.0066816738178820945	2160.590029602803	0.504358148536621	1187.3171834617744	0.2771618345783924	868.1197299456113	0.4988386774340126	470.5622477482837	0.2703943260589601	6652	3779
61	0.13915642898944658	CRC	soft_expected	ENSG00000107281	NPDC1	56338.83819831739	53952.0	2386.8381983173895	52059.97787139692	4278.8603269204705	1892.0221286030787	0.0007323181379233431	0.5661403779535007	0.5665012418446026	-0.03608638911019035	0.3160489676180941	0.31614096789739027	-0.009200027929617827	2351.6233599264465	0.5495910546860333	1308.1817575528673	0.30573135311812716	1019.8072088698193	0.5390038485558122	558.7876081718407	0.29533883336999117	7120	4520
62	0.13987656709793983	CRC	soft_expected	ENSG00000140416	TPM1	53032.52008825172	50644.0	2388.5200882517165	48824.82643331474	4207.693654936979	1819.1735666852587	0.0007201381084932495	0.44148418895344094	0.442019291525156	-0.05351025717150737	0.20971171165376176	0.21001377260879867	-0.030206095503690356	1844.5642250290248	0.43837892591461763	876.7417570766612	0.2083663472144558	817.1701057101524	0.4491985375530326	391.1386960568994	0.21500900365961156	7105	4559
63	0.1405961432251118	CRC	soft_expected	ENSG00000178980	SELENOW	52992.464411986264	50637.0	2355.464411986264	48788.05435669757	4204.410055288699	1848.9456433024354	0.000719576127171965	0.49375782243341276	0.49400265616051503	-0.024483372710226714	0.25627744207871794	0.2565354878843533	-0.025804580563537627	2049.216795991519	0.48739698769719736	1060.4868154041683	0.2522320138755707	898.5854625490726	0.48599885334870785	469.90108645287654	0.25414543048089705	6981	4414
64	0.14131458692326168	CRC	soft_expected	ENSG00000099194	SCD	55837.75323291443	53387.0	2450.7532329144306	51639.95984511598	4197.793387798443	1747.040154884016	0.0007184436981498638	0.5385920435746158	0.5381260887481971	0.04659548264186464	0.2956884339776519	0.29550499185194895	0.018344212570292617	2258.616252777368	0.5380484564443778	1237.4448036157144	0.29478459021173964	913.7841304468103	0.5230470106209296	502.99199334465	0.2879109515247765	6869	4150
65	0.14202530523466936	CRC	soft_expected	ENSG00000143384	MCL1	53486.75661690799	51104.0	2382.7566169079873	49334.101877368346	4152.654739539639	1769.8981226316475	0.0007107183114076762	0.5011580277385499	0.5012596861302442	-0.010165839169429258	0.2393602404499501	0.23929511388541014	0.006512656453996901	2066.226379579261	0.49756758246853955	987.5583930246158	0.23781374926779875	877.2839233178298	0.49566916428692703	413.8929683135758	0.23385129517972572	6867	4404
66	0.14273599993497849	CRC	soft_expected	ENSG00000167460	TPM4	53244.96290984814	50859.0	2385.962909848138	49092.44612755363	4152.516782294501	1766.5538724463654	0.0007106947003091234	0.4604992423623615	0.4615628502329971	-0.10636078706355856	0.2263745155782018	0.2269214888220374	-0.054697324383559676	1865.8769631097418	0.4493364051086962	916.5909311172637	0.22073142124925868	821.2368835126119	0.46488074681546154	404.2882454210579	0.22885701462429223	6908	4327
67	0.14344334837310718	CRC	soft_expected	ENSG00000149591	TAGLN	53612.076158890544	51265.0	2347.0761588905443	49479.111245853084	4132.964913037461	1785.8887541469153	0.000707348438128712	0.35421465447368705	0.35393299522091093	0.028165925277612303	0.14064400330172377	0.14048571149907343	0.015829180265033993	1495.7450647036292	0.36190606409100956	607.6567769488252	0.14702684144062497	649.9370324652106	0.36392918145434705	269.43976064557114	0.1508715254631173	6854	4304
68	0.144145580530187	CRC	soft_expected	ENSG00000119888	EPCAM	53519.39718999204	51304.0	2215.3971899920434	49416.326186265156	4103.071003726879	1887.6738137348375	0.0007022321570797977	0.5681932970458251	0.5686362174489319	-0.04429204031067835	0.31796690100760383	0.31825613012630594	-0.028922911870210566	2284.9982634239486	0.5568995177876404	1282.1049937476348	0.3124744837666909	1048.9480181373322	0.5556828783156911	592.520625450767	0.31388930711415736	6853	4359
69	0.14484217618299788	CRC	soft_expected	ENSG00000107262	BAG1	52845.965783103384	50618.0	2227.9657831033837	48775.82830000081	4070.1374831025764	1842.1716999991922	0.0006965956528108662	0.49156147160722297	0.4918297344818049	-0.0268262874581926	0.2609524619164538	0.2614163933778498	-0.046393146139595	1964.540058799429	0.4826716706635431	1027.0144842865022	0.2523291875397859	882.9368499521902	0.4792912897058278	469.10461083298424	0.2546476046902631	6774	4437
70	0.14553581344352676	CRC	soft_expected	ENSG00000131981	LGALS3	53275.211587007565	50969.0	2306.211587007565	49222.359688832206	4052.851898175362	1746.640311167793	0.0006936372605288904	0.5061956692576345	0.5053194098373521	0.08762594202823548	0.2729575606382461	0.27237144146441955	0.05861191738265603	2081.9892740803416	0.5137096855223543	1119.4734401569349	0.2762186895259938	869.9328899529611	0.49806069652161483	460.10164288095643	0.26342094588057186	6712	4189
71	0.14622546170652728	CRC	soft_expected	ENSG00000135052	GOLM1	52375.769349772236	50051.0	2324.7693497722357	48346.22475805899	4029.544591713253	1704.7752419410162	0.0006896482630005172	0.5370233344945085	0.5377340113084653	-0.07106768139568675	0.29148463575913697	0.291802361591177	-0.03177258320400389	2102.6107590109214	0.5217986080449226	1142.5377638321356	0.28354017130912545	889.7254560810533	0.5219019106988163	480.80571230919696	0.2820346638550212	6807	4182
72	0.14691463082870715	CRC	soft_expected	ENSG00000065978	YBX1	52322.089433363486	50044.0	2278.089433363486	48295.344412686754	4026.7450206767335	1748.6555873132495	0.0006891691221798764	0.4552245264207984	0.4556340420430022	-0.04095156222037599	0.23027621043761903	0.23061830589081608	-0.03420954531970499	1806.9540612014541	0.44873813760817116	909.4250145403149	0.2258461883905123	790.4056775519142	0.4520076356295787	401.95503764719473	0.2298651836093036	6612	4216
73	0.14760284560149334	CRC	soft_expected	ENSG00000172757	CFL1	52063.26138816636	49777.0	2286.2613881663565	48042.09253384031	4021.1688543260525	1734.907466159694	0.0006882147727861861	0.49493217836198006	0.4947553589006971	0.0176819461282951	0.2578628264214185	0.2577570966510637	0.010572977035477882	1982.5331659291646	0.4930241026303376	1032.5786572419597	0.25678569954382574	842.187294454812	0.48543643443937473	437.77392297227124	0.25233272177985727	6683	4238
74	0.14828079408103403	CRC	soft_expected	ENSG00000198786	MT-ND5	50402.276791329234	48232.0	2170.2767913292337	46441.092843286155	3961.1839480430817	1790.9071567138494	0.0006779484795406979	0.47184090556331343	0.47192994277657985	-0.008903721326641856	0.24213031378425767	0.2421149340686681	0.0015379715589569631	1848.8741658750062	0.4667478688507747	948.8576304395913	0.23953889616975482	829.1432422014199	0.4629738839856008	422.6260355140351	0.2359843356087287	6563	4216
75	0.14895749288795157	CRC	soft_expected	ENSG00000135821	GLUL	51980.30280927992	49809.0	2171.3028092799213	48026.42057115219	3953.8822381277328	1782.5794288478096	0.0006766988069175409	0.4904402757122114	0.49015991085948324	0.028036485272814327	0.24144451376172715	0.24125158103957117	0.019293272215598067	1930.6061566639805	0.48828114758879954	947.7404219170812	0.23969869734053112	851.7471152765098	0.4778172021355852	413.88148494315016	0.23218123032568996	6675	4342
76	0.14963115809539343	CRC	soft_expected	ENSG00000211895	IGHA1	52649.66310430965	50265.0	2384.6631043096495	48713.50587908564	3936.157225224016	1551.4941209143622	0.0006736652074418462	0.5315153466945599	0.5317641500049737	-0.02488033104137699	0.22808537625707978	0.2281035511787526	-0.001817492167283108	2004.299773893104	0.5092021632288924	862.6230162271016	0.2191535974983844	749.3208356541378	0.4829672414179248	319.62979727209876	0.20601418527047152	5939	3225
77	0.1503017930777131	CRC	soft_expected	ENSG00000198363	ASPH	50720.63500193069	48469.0	2251.635001930692	46802.18307360626	3918.4519283244317	1666.8169263937418	0.0006706349823196779	0.5570748435628975	0.5581157543997194	-0.10409108368218956	0.30734602304843167	0.30803193793971406	-0.06859148912823909	2130.2303320072933	0.5436407976856821	1170.8921434644972	0.29881498226397335	926.3530228959717	0.5557617085759933	512.1066891300346	0.3072363143311774	6542	4138
78	0.15097120854583013	CRC	soft_expected	ENSG00000167642	SPINT2	52124.090078506255	49856.0	2268.090078506255	48212.76364751653	3911.326430989731	1643.2363524834705	0.0006694154681170067	0.5545121112971656	0.555058568677792	-0.054645738062641946	0.30752485589720796	0.308058458360077	-0.05336024628690428	2133.190792774452	0.5453880749694073	1175.855699670183	0.300628372603675	902.7515538983176	0.5493741375268161	504.9649095044678	0.3072990131585756	6514	3992
79	0.1516371150888178	CRC	soft_expected	ENSG00000108639	SYNGR2	50253.29905305148	48058.0	2195.29905305148	46362.47491436955	3890.8241386819236	1695.5250856304447	0.0006659065429876793	0.5489839622150661	0.5501282304715136	-0.11442682564475337	0.3012423410388136	0.301963252736277	-0.07209116974634111	2062.316596582164	0.5300462120811262	1121.8942085794918	0.2883435921520603	912.1238680593589	0.5379595240374784	495.22275691464563	0.2920763373610056	6506	4122
80	0.15230272111951493	CRC	soft_expected	ENSG00000198561	CTNND1	50375.45053307263	48169.0	2206.4505330726315	46486.382257111014	3889.068275961616	1682.6177428889846	0.0006656060306971296	0.5302864752798132	0.5300867778031514	0.01996974766618198	0.2862068242078695	0.28629668458967383	-0.008986038180430755	2048.4727801604054	0.5267258466049679	1091.949724308871	0.28077412038719585	868.8026763448034	0.5163398995502718	464.7770091975099	0.276222577089617	6429	4100
81	0.15296653074244734	CRC	soft_expected	ENSG00000130066	SAT1	51145.95796671277	48959.0	2186.957966712769	47267.38591843881	3878.572048273958	1691.614081561183	0.0006638096229324066	0.5088897918606669	0.508833922261484	0.0055869599182800656	0.25502098058349665	0.2549888682366878	0.003211234680883246	1968.7971362600492	0.5076087569744137	994.4775666395868	0.25640301488846884	853.1412320651441	0.5043356173045	435.1852130861435	0.2572603395950175	6435	4173
82	0.1536277648892023	CRC	soft_expected	ENSG00000137563	GGH	48216.28441311773	46053.0	2163.2844131177335	44352.76060995467	3863.523803163059	1700.2393900453305	0.0006612341467549548	0.5532209637692355	0.5536637135474345	-0.04427497781990253	0.3070943817982509	0.3073537554556706	-0.025937365741973695	2086.502919583131	0.5400517832645202	1154.351063363388	0.2987819209029651	910.118587186609	0.5352884967347711	501.96350890834026	0.2952310785453319	6358	3993
83	0.1542831770639568	CRC	soft_expected	ENSG00000148730	EIF4EBP2	49302.23976498134	47086.0	2216.239764981343	45472.73315151651	3829.506613464824	1613.2668484834835	0.000655412174754498	0.48584709829895295	0.48594327400925963	-0.009617571030667849	0.2530028024415127	0.25327857537272225	-0.027577293120956137	1850.4852800147464	0.4832176744409594	955.7259700219793	0.24956895665399223	778.260150559397	0.48241253534155465	407.9961428383055	0.25290059311752017	6357	4003
84	0.15492398593384063	CRC	soft_expected	ENSG00000125844	RRBP1	49719.102099208976	47596.0	2123.102099208976	45974.92110942759	3744.180989781383	1621.0788905724082	0.0006408088698838347	0.5525935718678999	0.5538648205731574	-0.12712487052575216	0.298351514023601	0.2991296537524162	-0.07781397288151859	1999.9857755447133	0.5341584130155763	1072.9693762265267	0.28656984775973016	887.2795564780679	0.5473389121517501	476.5749890335555	0.2939863024588984	6295	4093
85	0.15556379315017146	CRC	soft_expected	ENSG00000079112	CDH17	48130.866684908586	45980.0	2150.8666849085857	44392.53825486502	3738.3284300435535	1587.4617451349707	0.0006398072163308249	0.5582625249899267	0.558566224445411	-0.030369945548436306	0.31182090834146503	0.3117822966507177	0.003861169074731441	2046.7677671445074	0.5475088145534237	1143.617810168248	0.30591689081607104	859.9836016739098	0.541735008298289	471.1572412180703	0.2967991151043524	6160	3805
86	0.156203551279307	CRC	soft_expected	ENSG00000114942	EEF1B2	47794.10761439471	45620.0	2174.1076143947066	44056.06599583584	3738.0416185588683	1563.9340041641613	0.0006397581291355552	0.49028485567194247	0.48938787812363	0.0896977548312472	0.2555830848006463	0.2549430074528716	0.06400773477747146	1886.7858539371919	0.5047525004990733	994.1070345905085	0.2659432761943854	779.9337002444083	0.49869988002546245	409.24157520944163	0.2616744530905953	6159	3850
87	0.15683860709652772	CRC	soft_expected	ENSG00000125534	PPDPF	49109.35481638262	47042.0	2067.35481638262	45398.78832762772	3710.566488754901	1643.2116723722772	0.0006350558172207084	0.47084513123831256	0.47036026316908297	0.04848680692295937	0.2482169575783624	0.24806157263721781	0.015538494114458734	1757.7163973078355	0.47370567341528647	922.9193630381207	0.24872734819200365	761.5032837593326	0.4634237308331452	402.45722187935746	0.24492110702837006	6217	4061
88	0.157473375916586	CRC	soft_expected	ENSG00000164924	YWHAZ	48559.99971217038	46509.0	2050.999712170378	44851.11011861802	3708.8895935523683	1657.8898813819872	0.0006347688200582898	0.50200364058738	0.5021165258337096	-0.011288524632957486	0.267230638418447	0.2671915650734267	0.003907334502034621	1853.92119053126	0.4998588239871485	994.301649693581	0.26808607390797	829.5620480995813	0.5003722246064215	444.3944250107194	0.26804821598903794	6193	3954
89	0.15810644616227715	CRC	soft_expected	ENSG00000165949	IFI27	50090.34338227705	48010.0	2080.343382277053	46391.3783858302	3698.964996446857	1618.6216141698008	0.0006330702456911339	0.5029615906454519	0.5037869714642783	-0.08253808188264378	0.2672245820000361	0.2679064257446365	-0.06818437446003967	1817.4097343623066	0.49132925997084853	955.2844952623168	0.25825724119583227	810.7034508354401	0.500860388702553	432.10092269500814	0.266956105684178	6213	3995
90	0.15873755662423863	CRC	soft_expected	ENSG00000104341	LAPTM4B	48712.15245623699	46649.0	2063.1524562369887	45024.63827660857	3687.5141796284097	1624.3617233914244	0.0006311104619614739	0.5533730186881175	0.5543058264914574	-0.09328078033399301	0.30760463677636707	0.3078830735921456	-0.027843681577854884	1970.6842780811262	0.5344208000522758	1094.5621676483743	0.29682927694088845	872.5059265773704	0.5371377040057976	472.9157047525357	0.29113940444567876	6076	3851
91	0.1593602341017599	CRC	soft_expected	ENSG00000101311	FERMT1	47706.32934926209	45671.0	2035.329349262087	44068.088239205725	3638.241110056355	1602.9117607942705	0.0006226774775212586	0.5297898513501833	0.530577390466598	-0.0787539116414715	0.29160502137774374	0.29239834906176787	-0.07933276840241255	1873.8013588017407	0.5150294612477501	1012.7851899457376	0.27837220220131315	831.4722243932583	0.5187261362292641	455.50500020048355	0.2841734718914115	6034	3827
92	0.15998246377504705	CRC	soft_expected	ENSG00000183779	ZNF703	48702.301273747595	46630.0	2072.3012737475947	45066.67663824288	3635.624635504716	1563.3233617571182	0.000622229673287144	0.5349868232188719	0.5353634998927729	-0.03766766739009553	0.2936446962231241	0.29407168132103795	-0.042698509791383454	1888.922872336315	0.5195593774696945	1023.5483575125286	0.28153301292899685	797.83343044563	0.5103444686893788	434.9383946158649	0.27821396727994274	6014	3781
93	0.1606041517508922	CRC	soft_expected	ENSG00000105357	MYH14	46188.14088850501	44075.0	2113.1408885050114	42555.68133600673	3632.459552498278	1519.3186639932685	0.0006216879758451722	0.5428168730186079	0.5436627906976744	-0.0845917679066499	0.2995077108877124	0.299804310833806	-0.029659994609360085	1901.2232237585843	0.5233983190400536	1048.0332836250338	0.2885189135565827	791.4585161174543	0.5209298976405919	428.2039359497553	0.28183944954924384	6017	3738
94	0.16121735650269325	CRC	soft_expected	ENSG00000164733	CTSB	46765.04299236346	44741.0	2024.0429923634583	43182.150054328304	3582.8929380351574	1558.8499456717	0.0006132047518010443	0.4738114841314228	0.47404226548356093	-0.02307813521381097	0.22365645756133629	0.2240310900516305	-0.037463249029420775	1679.0894607109592	0.46864070173187045	788.3041913446284	0.220018907898747	730.4000350294223	0.4685505728485604	352.3753379690089	0.2260482729254433	5899	3782
95	0.16182546079303267	CRC	soft_expected	ENSG00000233041	PHGR1	46686.33307189174	44678.0	2008.3330718917423	43133.241610929246	3553.0914609624933	1544.7583890707529	0.0006081042903393996	0.5096161670770778	0.5100720712654998	-0.04559041884220072	0.2777366205311291	0.27843681453959446	-0.07001940084653824	1809.086468956968	0.5091584297317543	972.7318999169219	0.27377057714507	805.976353975707	0.5217491354492924	446.2275275390026	0.2888655796894103	5987	3764
96	0.1624321048207959	CRC	soft_expected	ENSG00000167468	GPX4	45586.931386197066	43562.0	2024.9313861970659	42042.37209080644	3544.5592953906316	1519.6279091935633	0.0006066440277632345	0.48066858310026817	0.4815033745007116	-0.08347914004434576	0.24212681833167649	0.24265127863734448	-0.05244603056679953	1664.8962069956856	0.4697047131249088	834.537250920813	0.23544175209765872	727.9404897031484	0.47902548071090123	367.09359687648316	0.2415680803541523	5875	3744
97	0.1630386961403237	CRC	soft_expected	ENSG00000184357	HIST1H1B	49238.35112058696	47341.0	1897.3511205869581	45694.09979405011	3544.25132653684	1646.9002059498853	0.0006065913195277896	0.5015170103173654	0.501485234785915	0.0031775531450395356	0.26595007324185616	0.2659441604528844	0.0005912788971773608	1783.458616209641	0.5031975590603205	941.3096727032444	0.2655877323527779	830.400469256091	0.5042202716691869	436.42908587491615	0.265000322604973	6001	3882
98	0.16364304566390359	CRC	soft_expected	ENSG00000076043	REXO2	45619.44402377581	43562.0	2057.44402377581	42088.29128273875	3531.1527410370627	1473.7087172612532	0.0006043495235798648	0.5241614777693925	0.5244020017446398	-0.024052397524731983	0.2815484565663966	0.28132030209815895	0.02281544682376513	1816.9110535452605	0.5145376557717672	988.21644944425	0.2798566139492514	748.9558590248856	0.5082115958550808	399.00739513305825	0.27075051566131425	5860	3629
99	0.16424692397386548	CRC	soft_expected	ENSG00000080824	HSP90AA1	46090.29277447265	44102.0	1988.2927744726476	42561.8932866339	3528.3994878387443	1540.1067133660956	0.0006038783099618977	0.5124470922781245	0.5134418507097184	-0.09947584315939118	0.27209951463999266	0.27289578703913653	-0.07962723991438714	1756.3733565763919	0.49778188740533624	919.9280246479606	0.2607210515188702	781.3493420503702	0.5073345471903266	414.03173109876843	0.2688331448110179	5944	3771
100	0.16484929876085028	CRC	soft_expected	ENSG00000142634	EFHD2	44060.286019142055	42042.0	2018.286019142055	40540.67146299363	3519.614556148416	1501.3285370063636	0.0006023747869848168	0.5096505742301625	0.510660470481899	-0.10098962517365306	0.2645380424073439	0.26532990818705104	-0.07918657797071349	1733.6132769353076	0.49255770746454547	898.1452546812342	0.2551828446987935	747.4507065343865	0.4978595211577054	397.52344326972644	0.2647811145070118	5713	3556
