field	field_role	policy	raw_molecule_mass	occupied_2um_bins	in_cell_mass	in_cell_mass_fraction	in_cell_area_fraction	in_cell_area_normalized_enrichment	in_nucleus_mass	in_nucleus_mass_fraction	in_nucleus_area_fraction	in_nucleus_area_normalized_enrichment	extracellular_mass	extracellular_mass_fraction	extracellular_area_fraction	extracellular_area_normalized_enrichment	in_cell_roc_auc	in_cell_average_precision	in_nucleus_roc_auc	in_nucleus_average_precision	cell_fraction_pearson_16um	cell_fraction_spearman_16um	nucleus_fraction_pearson_16um	nucleus_fraction_spearman_16um	in_cell_normalized_tv	in_nucleus_normalized_tv	equal_mass_normalization_applied
space_ranger	vendor_compatibility_context	space_ranger	72861605.0	8156395	69098257.0	0.948349367269634	0.7367685453330363	1.287174070170108	25192283.0	0.345755257518689	0.20740004455335265	1.6670934582646397	3763348.0	0.05165063273036601	0.2632314546669637	0.19621755612646516	0.8510919743605229	0.9220648522872686	0.7047639996018066	0.3440785731994571	0.4397812511339145	0.6362104129819087	0.6250206057106532	0.7190623891667425	0.427755747505456	0.6739663638770282	False
strict	whole_open_policy	strict	64230995.0	8003191	60938878.0	0.9487456639897919	0.7367685453330363	1.2877119551309524	22185637.0	0.34540391286169553	0.20740004455335265	1.6653994149593447	3292117.0	0.05125433601020816	0.2632314546669637	0.19471204942074397	0.8473887513952524	0.9200151499739005	0.7035254254228541	0.3428004907765248	0.4396613641743877	0.6360052809290729	0.6253224471593899	0.7190536766376768	0.42753996979065506	0.6729840839529669	False
strict_shared_with_space_ranger	shared_feature_bin_mass	strict	61510914.0	7923999	58378448.0	0.9490746308858294	0.7367685453330363	1.2881584547788016	21260312.0	0.3456347925507984	0.20740004455335265	1.6665126244072985	3132466.0	0.05092536911417053	0.2632314546669637	0.1934623245485632	0.8457200890692258	0.918982596799886	0.7028306496167356	0.3421539497135407	0.4393154369213922	0.6359740563109064	0.6249587180698698	0.7189670793661407	0.429283288432901	0.6731322759935068	False
strict_star_only	open_additional_feature_bin_mass	strict	2720081.0	1915644	2560430.0	0.9413065272688571	0.7367685453330363	1.2776149758719206	925325.0	0.34018288425969667	0.20740004455335265	1.6402257048319306	159651.0	0.058693472731142934	0.2632314546669637	0.22297286927734755	0.5863657769186064	0.7807275741819846	0.5611459212771599	0.24279713514549267	0.4172270021230109	0.598400427644514	0.5905586779869288	0.6829726528773875	0.7841370473193968	0.7609348462548425	False
strict_space_ranger_only	vendor_only_feature_bin_mass	strict	11350691.0	4401292	10719809.0	0.9444190666453699	0.7367685453330363	1.281839558200019	3931971.0	0.34640807330584544	0.20740004455335265	1.6702410746914458	630882.0	0.05558093335463013	0.2632314546669637	0.21114852487880012	0.6923247490310066	0.837113703686833	0.624102160664294	0.28639744674872725	0.43445200393542455	0.6249953764501093	0.614165061017541	0.7078328300644461	0.5684940148554333	0.7138590966249042	False
postcollapse_soft	whole_open_policy	postcollapse_soft	76172283.0659078	8628578	72209071.33468062	0.9479704221573871	0.7367685453330363	1.2866597361711238	26310076.135207027	0.34540222606223214	0.20740004455335265	1.6653912818874979	3963211.7312270547	0.052029577842611065	0.2632314546669637	0.1976571451479386	0.8603988575050875	0.9301752343594478	0.7090314947718214	0.3506864637307271	0.4403860133586275	0.6363683618317528	0.6258567135784815	0.7193293072240926	0.4205860425292217	0.6715955106011148	False
postcollapse_soft_shared_with_space_ranger	shared_feature_bin_mass	postcollapse_soft	66931004.578465074	8141261	63507551.82177495	0.9488510178765251	0.7367685453330363	1.2878549496811413	23141210.864497505	0.34574725137090123	0.20740004455335265	1.6670548558245823	3423452.756690121	0.05114898212347481	0.2632314546669637	0.1943118165273512	0.8513643990812674	0.923554331796105	0.7047936613852601	0.346221493582694	0.4390218122224586	0.6362525025159121	0.6245150719628025	0.7190011358888566	0.42803807739432526	0.6735228539456528	False
postcollapse_soft_star_only	open_additional_feature_bin_mass	postcollapse_soft	9241278.487442639	6246333	8701519.512905674	0.9415926080714473	0.7367685453330363	1.2780032671533579	3168865.270709531	0.3429033412439082	0.20740004455335265	1.653342659507954	539758.9745369353	0.058407391928549504	0.2632314546669637	0.2218860660191451	0.754908020674733	0.8758540742553466	0.6600266605787468	0.3159226182921996	0.4372702671754568	0.6221411883539473	0.6169788307440028	0.7067816559719109	0.5068345143826191	0.6918229029177579	False
postcollapse_soft_space_ranger_only	vendor_only_feature_bin_mass	postcollapse_soft	5930600.421534899	4414335	5590705.178225032	0.9426878866976679	0.7367685453330363	1.279489865126573	2051072.135502501	0.3458456125377712	0.20740004455335265	1.6675291140007644	339895.24330987874	0.05731211330233414	0.2632314546669637	0.21772517032527336	0.6897363319733727	0.8363353391999206	0.6196286449633768	0.28420421702994186	0.4229567385183056	0.6158334510039001	0.5946992170257475	0.6971898618449087	0.6333194303476682	0.7423038173066335	False
postcollapse_hard	whole_open_policy	postcollapse_hard	76226984.0	8252993	72268256.0	0.9480665796773489	0.7367685453330363	1.2867902486917395	26329567.0	0.3454100584643359	0.20740004455335265	1.6654290465954114	3958728.0	0.051933420322651094	0.2632314546669637	0.1972918486825841	0.8536746024390582	0.9236520422195932	0.7064132101557123	0.3455078509353938	0.440255440981688	0.6362718700804619	0.6256456515703671	0.7192337972122127	0.42332868215493996	0.6725954464442747	False
postcollapse_hard_shared_with_space_ranger	shared_feature_bin_mass	postcollapse_hard	68423683.0	8059200	64919544.0	0.9487876295697207	0.7367685453330363	1.287768914104289	23662956.0	0.3458299080451428	0.20740004455335265	1.6674533932232583	3504139.0	0.051212370430279236	0.2632314546669637	0.19455262478062255	0.8492696563808219	0.9209769601651848	0.7041032969175262	0.3433991767385088	0.4388863294917363	0.636167939332762	0.6243426881660136	0.7189113490625171	0.4285377658176286	0.6737278816659098	False
postcollapse_hard_star_only	open_additional_feature_bin_mass	postcollapse_hard	7803301.0	3974172	7348712.0	0.9417440132067185	0.7367685453330363	1.2782087660664567	2666611.0	0.3417285838390702	0.20740004455335265	1.64767844951529	454589.0	0.05825598679328146	0.2632314546669637	0.2213108872835354	0.6743455259029747	0.8270297732893478	0.617201193623807	0.27900855598902297	0.4295397260306616	0.6164158543892189	0.6047247394025312	0.700134575165431	0.5566703775888524	0.7097031897220921	False
postcollapse_hard_space_ranger_only	vendor_only_feature_bin_mass	postcollapse_hard	4437922.0	2250872	4178713.0	0.9415922587192835	0.7367685453330363	1.2780027929852276	1529327.0	0.34460429903905476	0.20740004455335265	1.661543997163448	259209.0	0.05840774128071652	0.2632314546669637	0.2218873931863997	0.5978130461680575	0.7874683582510927	0.5654502723990594	0.2478343945480379	0.3981601758400899	0.5988434910734309	0.557294560232373	0.6753553307180282	0.7486097950204291	0.7755621669576299	False
gated_hard	whole_open_policy	gated_hard	69330045.0	8118873	65757318.0	0.9484678395924884	0.7367685453330363	1.2873348700897094	23938991.0	0.34529028504164394	0.20740004455335265	1.6648515470922172	3572727.0	0.051532160407511636	0.2632314546669637	0.19576748710639205	0.8505009830559607	0.9218153468189231	0.7049375419513269	0.3440473889828108	0.439926419244139	0.636182426175674	0.6256030890116535	0.7192225243234797	0.42530496782807314	0.6727126869567607	False
gated_hard_shared_with_space_ranger	shared_feature_bin_mass	gated_hard	64179833.0	7976544	60906124.0	0.9489916248301862	0.7367685453330363	1.2880457924560558	22184562.0	0.3456625074110118	0.20740004455335265	1.6666462543699783	3273709.0	0.05100837516981386	0.2632314546669637	0.193777659415167	0.8471470929551991	0.9197809239693783	0.7032614690070014	0.3425491383933268	0.43896234531174966	0.6360941644940361	0.6246252425596412	0.7189605011811411	0.42902812882417846	0.6735149265971512	False
gated_hard_star_only	open_additional_feature_bin_mass	gated_hard	5150212.0	3085566	4851194.0	0.9419406424434567	0.7367685453330363	1.2784756466736482	1754429.0	0.3406518022947405	0.20740004455335265	1.6424866399057572	299018.0	0.0580593575565433	0.2632314546669637	0.22056390498619968	0.6374670718390039	0.8073832894820363	0.5945313821007241	0.26353048916574817	0.42504159712828304	0.6106288112345444	0.5995391144759499	0.6948022660344814	0.6538510241117218	0.7241938587322873	False
gated_hard_space_ranger_only	vendor_only_feature_bin_mass	gated_hard	8681772.0	3710160	8192133.0	0.9436014905712797	0.7367685453330363	1.280729879890231	3007721.0	0.3464409109108141	0.20740004455335265	1.670399404478883	489639.0	0.05639850942872031	0.2632314546669637	0.21425444576931288	0.66205776151733	0.8210632313166922	0.6062417683714195	0.2742548973769175	0.43123239873643987	0.6205202602021168	0.6071578186190935	0.70305231370723	0.5959311045669726	0.729901146737891	False
