field	field_role	policy	metric	space_ranger_registration_value	native_registration_value	native_minus_space_ranger_registration	absolute_difference
gated_hard	whole_open_policy	gated_hard	in_cell_mass	65830269.0	65757318.0	-72951.0	72951.0
gated_hard	whole_open_policy	gated_hard	in_cell_mass_fraction	0.949520067382042	0.9484678395924884	-0.0010522277895536059	0.0010522277895536059
gated_hard	whole_open_policy	gated_hard	in_nucleus_mass	23428876.0	23938991.0	510115.0	510115.0
gated_hard	whole_open_policy	gated_hard	in_nucleus_mass_fraction	0.33793250819323717	0.34529028504164394	0.007357776848406772	0.007357776848406772
gated_hard	whole_open_policy	gated_hard	extracellular_mass	3499776.0	3572727.0	72951.0	72951.0
gated_hard	whole_open_policy	gated_hard	extracellular_mass_fraction	0.05047993261795806	0.051532160407511636	0.001052227789553578	0.001052227789553578
gated_hard	whole_open_policy	gated_hard	in_cell_roc_auc	0.8517002498741815	0.8505009830559607	-0.001199266818220801	0.001199266818220801
gated_hard	whole_open_policy	gated_hard	in_cell_average_precision	0.922821496940458	0.9218153468189231	-0.0010061501215349322	0.0010061501215349322
gated_hard	whole_open_policy	gated_hard	in_nucleus_roc_auc	0.697756945643557	0.7049375419513269	0.007180596307769904	0.007180596307769904
gated_hard	whole_open_policy	gated_hard	in_nucleus_average_precision	0.3351514033635922	0.3440473889828108	0.00889598561921856	0.00889598561921856
gated_hard	whole_open_policy	gated_hard	cell_fraction_pearson_16um	0.44073304584962497	0.439926419244139	-0.0008066266054859716	0.0008066266054859716
gated_hard	whole_open_policy	gated_hard	nucleus_fraction_pearson_16um	0.6268128086519218	0.6256030890116535	-0.0012097196402682808	0.0012097196402682808
gated_hard	whole_open_policy	gated_hard	in_cell_normalized_tv	0.4249083655388695	0.42530496782807314	0.00039660228920362917	0.00039660228920362917
gated_hard	whole_open_policy	gated_hard	in_nucleus_normalized_tv	0.6788514782922819	0.6727126869567607	-0.006138791335521199	0.006138791335521199
gated_hard_shared_with_space_ranger	shared_feature_bin_mass	gated_hard	in_cell_mass	60972605.0	60906124.0	-66481.0	66481.0
gated_hard_shared_with_space_ranger	shared_feature_bin_mass	gated_hard	in_cell_mass_fraction	0.9500274798159727	0.9489916248301862	-0.0010358549857865107	0.0010358549857865107
gated_hard_shared_with_space_ranger	shared_feature_bin_mass	gated_hard	in_nucleus_mass	21707479.0	22184562.0	477083.0	477083.0
gated_hard_shared_with_space_ranger	shared_feature_bin_mass	gated_hard	in_nucleus_mass_fraction	0.33822897295479093	0.3456625074110118	0.007433534456220858	0.007433534456220858
gated_hard_shared_with_space_ranger	shared_feature_bin_mass	gated_hard	extracellular_mass	3207228.0	3273709.0	66481.0	66481.0
gated_hard_shared_with_space_ranger	shared_feature_bin_mass	gated_hard	extracellular_mass_fraction	0.04997252018402728	0.05100837516981386	0.00103585498578658	0.00103585498578658
gated_hard_shared_with_space_ranger	shared_feature_bin_mass	gated_hard	in_cell_roc_auc	0.848302614904178	0.8471470929551991	-0.0011555219489789437	0.0011555219489789437
gated_hard_shared_with_space_ranger	shared_feature_bin_mass	gated_hard	in_cell_average_precision	0.9207613463171753	0.9197809239693783	-0.0009804223477970497	0.0009804223477970497
gated_hard_shared_with_space_ranger	shared_feature_bin_mass	gated_hard	in_nucleus_roc_auc	0.6960731451239329	0.7032614690070014	0.007188323883068448	0.007188323883068448
gated_hard_shared_with_space_ranger	shared_feature_bin_mass	gated_hard	in_nucleus_average_precision	0.33370546728996825	0.3425491383933268	0.008843671103358541	0.008843671103358541
gated_hard_shared_with_space_ranger	shared_feature_bin_mass	gated_hard	cell_fraction_pearson_16um	0.43975527563332734	0.43896234531174966	-0.0007929303215776784	0.0007929303215776784
gated_hard_shared_with_space_ranger	shared_feature_bin_mass	gated_hard	nucleus_fraction_pearson_16um	0.6258208120920707	0.6246252425596412	-0.0011955695324294968	0.0011955695324294968
gated_hard_shared_with_space_ranger	shared_feature_bin_mass	gated_hard	in_cell_normalized_tv	0.4286555135203457	0.42902812882417846	0.0003726153038327573	0.0003726153038327573
gated_hard_shared_with_space_ranger	shared_feature_bin_mass	gated_hard	in_nucleus_normalized_tv	0.6796713405071109	0.6735149265971512	-0.00615641390995969	0.00615641390995969
gated_hard_space_ranger_only	vendor_only_feature_bin_mass	gated_hard	in_cell_mass	8200514.0	8192133.0	-8381.0	8381.0
gated_hard_space_ranger_only	vendor_only_feature_bin_mass	gated_hard	in_cell_mass_fraction	0.944566846491707	0.9436014905712797	-0.0009653559204272355	0.0009653559204272355
gated_hard_space_ranger_only	vendor_only_feature_bin_mass	gated_hard	in_nucleus_mass	2975085.0	3007721.0	32636.0	32636.0
gated_hard_space_ranger_only	vendor_only_feature_bin_mass	gated_hard	in_nucleus_mass_fraction	0.34268177049570064	0.3464409109108141	0.0037591404151134378	0.0037591404151134378
gated_hard_space_ranger_only	vendor_only_feature_bin_mass	gated_hard	extracellular_mass	481258.0	489639.0	8381.0	8381.0
gated_hard_space_ranger_only	vendor_only_feature_bin_mass	gated_hard	extracellular_mass_fraction	0.05543315350829301	0.05639850942872031	0.000965355920427298	0.000965355920427298
gated_hard_space_ranger_only	vendor_only_feature_bin_mass	gated_hard	in_cell_roc_auc	0.6626075147104425	0.66205776151733	-0.0005497531931125677	0.0005497531931125677
gated_hard_space_ranger_only	vendor_only_feature_bin_mass	gated_hard	in_cell_average_precision	0.8216923560710796	0.8210632313166922	-0.0006291247543873668	0.0006291247543873668
gated_hard_space_ranger_only	vendor_only_feature_bin_mass	gated_hard	in_nucleus_roc_auc	0.6040703838739243	0.6062417683714195	0.00217138449749521	0.00217138449749521
gated_hard_space_ranger_only	vendor_only_feature_bin_mass	gated_hard	in_nucleus_average_precision	0.2720587122027267	0.2742548973769175	0.00219618517419079	0.00219618517419079
gated_hard_space_ranger_only	vendor_only_feature_bin_mass	gated_hard	cell_fraction_pearson_16um	0.4322209144253647	0.43123239873643987	-0.0009885156889248292	0.0009885156889248292
gated_hard_space_ranger_only	vendor_only_feature_bin_mass	gated_hard	nucleus_fraction_pearson_16um	0.608762025750368	0.6071578186190935	-0.0016042071312745154	0.0016042071312745154
gated_hard_space_ranger_only	vendor_only_feature_bin_mass	gated_hard	in_cell_normalized_tv	0.5956800797839403	0.5959311045669726	0.00025102478303229425	0.00025102478303229425
gated_hard_space_ranger_only	vendor_only_feature_bin_mass	gated_hard	in_nucleus_normalized_tv	0.7321807279508189	0.729901146737891	-0.002279581212927928	0.002279581212927928
gated_hard_star_only	open_additional_feature_bin_mass	gated_hard	in_cell_mass	4857664.0	4851194.0	-6470.0	6470.0
gated_hard_star_only	open_additional_feature_bin_mass	gated_hard	in_cell_mass_fraction	0.9431969014091071	0.9419406424434567	-0.001256258965650403	0.001256258965650403
gated_hard_star_only	open_additional_feature_bin_mass	gated_hard	in_nucleus_mass	1721397.0	1754429.0	33032.0	33032.0
gated_hard_star_only	open_additional_feature_bin_mass	gated_hard	in_nucleus_mass_fraction	0.3342380857331698	0.3406518022947405	0.006413716561570693	0.006413716561570693
gated_hard_star_only	open_additional_feature_bin_mass	gated_hard	extracellular_mass	292548.0	299018.0	6470.0	6470.0
gated_hard_star_only	open_additional_feature_bin_mass	gated_hard	extracellular_mass_fraction	0.056803098590892956	0.0580593575565433	0.0012562589656503476	0.0012562589656503476
gated_hard_star_only	open_additional_feature_bin_mass	gated_hard	in_cell_roc_auc	0.6381320771159178	0.6374670718390039	-0.0006650052769139325	0.0006650052769139325
gated_hard_star_only	open_additional_feature_bin_mass	gated_hard	in_cell_average_precision	0.8080957589007299	0.8073832894820363	-0.0007124694186936287	0.0007124694186936287
gated_hard_star_only	open_additional_feature_bin_mass	gated_hard	in_nucleus_roc_auc	0.5907189350179137	0.5945313821007241	0.0038124470828103663	0.0038124470828103663
gated_hard_star_only	open_additional_feature_bin_mass	gated_hard	in_nucleus_average_precision	0.2600871984325335	0.26353048916574817	0.003443290733214699	0.003443290733214699
gated_hard_star_only	open_additional_feature_bin_mass	gated_hard	cell_fraction_pearson_16um	0.4259695151534506	0.42504159712828304	-0.0009279180251675623	0.0009279180251675623
gated_hard_star_only	open_additional_feature_bin_mass	gated_hard	nucleus_fraction_pearson_16um	0.600851136690325	0.5995391144759499	-0.001312022214375097	0.001312022214375097
gated_hard_star_only	open_additional_feature_bin_mass	gated_hard	in_cell_normalized_tv	0.6536117907188737	0.6538510241117218	0.00023923339284814826	0.00023923339284814826
gated_hard_star_only	open_additional_feature_bin_mass	gated_hard	in_nucleus_normalized_tv	0.7285710097454131	0.7241938587322873	-0.004377151013125857	0.004377151013125857
postcollapse_hard	whole_open_policy	postcollapse_hard	in_cell_mass	72347015.0	72268256.0	-78759.0	78759.0
postcollapse_hard	whole_open_policy	postcollapse_hard	in_cell_mass_fraction	0.9490997964710239	0.9480665796773489	-0.0010332167936750736	0.0010332167936750736
postcollapse_hard	whole_open_policy	postcollapse_hard	in_nucleus_mass	25792459.0	26329567.0	537108.0	537108.0
postcollapse_hard	whole_open_policy	postcollapse_hard	in_nucleus_mass_fraction	0.33836389224057456	0.3454100584643359	0.007046166223761363	0.007046166223761363
postcollapse_hard	whole_open_policy	postcollapse_hard	extracellular_mass	3879969.0	3958728.0	78759.0	78759.0
postcollapse_hard	whole_open_policy	postcollapse_hard	extracellular_mass_fraction	0.05090020352897604	0.051933420322651094	0.0010332167936750528	0.0010332167936750528
postcollapse_hard	whole_open_policy	postcollapse_hard	in_cell_roc_auc	0.8548560763297087	0.8536746024390582	-0.0011814738906504862	0.0011814738906504862
postcollapse_hard	whole_open_policy	postcollapse_hard	in_cell_average_precision	0.924644716407833	0.9236520422195932	-0.0009926741882397838	0.0009926741882397838
postcollapse_hard	whole_open_policy	postcollapse_hard	in_nucleus_roc_auc	0.6995519897430735	0.7064132101557123	0.006861220412638813	0.006861220412638813
postcollapse_hard	whole_open_policy	postcollapse_hard	in_nucleus_average_precision	0.33690821918214636	0.3455078509353938	0.008599631753247461	0.008599631753247461
postcollapse_hard	whole_open_policy	postcollapse_hard	cell_fraction_pearson_16um	0.44107199574896844	0.440255440981688	-0.0008165547672804307	0.0008165547672804307
postcollapse_hard	whole_open_policy	postcollapse_hard	nucleus_fraction_pearson_16um	0.6268827262572073	0.6256456515703671	-0.0012370746868402005	0.0012370746868402005
postcollapse_hard	whole_open_policy	postcollapse_hard	in_cell_normalized_tv	0.4229374942764313	0.42332868215493996	0.00039118787850866976	0.00039118787850866976
postcollapse_hard	whole_open_policy	postcollapse_hard	in_nucleus_normalized_tv	0.6784747332235309	0.6725954464442747	-0.005879286779256199	0.005879286779256199
postcollapse_hard_shared_with_space_ranger	shared_feature_bin_mass	postcollapse_hard	in_cell_mass	64989245.0	64919544.0	-69701.0	69701.0
postcollapse_hard_shared_with_space_ranger	shared_feature_bin_mass	postcollapse_hard	in_cell_mass_fraction	0.949806297331291	0.9487876295697207	-0.0010186677615702244	0.0010186677615702244
postcollapse_hard_shared_with_space_ranger	shared_feature_bin_mass	postcollapse_hard	in_nucleus_mass	23169598.0	23662956.0	493358.0	493358.0
postcollapse_hard_shared_with_space_ranger	shared_feature_bin_mass	postcollapse_hard	in_nucleus_mass_fraction	0.33861956831525714	0.3458299080451428	0.007210339729885662	0.007210339729885662
postcollapse_hard_shared_with_space_ranger	shared_feature_bin_mass	postcollapse_hard	extracellular_mass	3434438.0	3504139.0	69701.0	69701.0
postcollapse_hard_shared_with_space_ranger	shared_feature_bin_mass	postcollapse_hard	extracellular_mass_fraction	0.05019370266870902	0.051212370430279236	0.0010186677615702175	0.0010186677615702175
postcollapse_hard_shared_with_space_ranger	shared_feature_bin_mass	postcollapse_hard	in_cell_roc_auc	0.8504038368792304	0.8492696563808219	-0.0011341804984085213	0.0011341804984085213
postcollapse_hard_shared_with_space_ranger	shared_feature_bin_mass	postcollapse_hard	in_cell_average_precision	0.9219429131211194	0.9209769601651848	-0.0009659529559346014	0.0009659529559346014
postcollapse_hard_shared_with_space_ranger	shared_feature_bin_mass	postcollapse_hard	in_nucleus_roc_auc	0.6971488396745944	0.7041032969175262	0.006954457242931755	0.006954457242931755
postcollapse_hard_shared_with_space_ranger	shared_feature_bin_mass	postcollapse_hard	in_nucleus_average_precision	0.3347921375201286	0.3433991767385088	0.008607039218380186	0.008607039218380186
postcollapse_hard_shared_with_space_ranger	shared_feature_bin_mass	postcollapse_hard	cell_fraction_pearson_16um	0.4396825034766622	0.4388863294917363	-0.0007961739849259297	0.0007961739849259297
postcollapse_hard_shared_with_space_ranger	shared_feature_bin_mass	postcollapse_hard	nucleus_fraction_pearson_16um	0.6255536046365748	0.6243426881660136	-0.001210916470561263	0.001210916470561263
postcollapse_hard_shared_with_space_ranger	shared_feature_bin_mass	postcollapse_hard	in_cell_normalized_tv	0.42816455626770333	0.4285377658176286	0.00037320954992525746	0.00037320954992525746
postcollapse_hard_shared_with_space_ranger	shared_feature_bin_mass	postcollapse_hard	in_nucleus_normalized_tv	0.6796841732905226	0.6737278816659098	-0.005956291624612753	0.005956291624612753
postcollapse_hard_space_ranger_only	vendor_only_feature_bin_mass	postcollapse_hard	in_cell_mass	4183874.0	4178713.0	-5161.0	5161.0
postcollapse_hard_space_ranger_only	vendor_only_feature_bin_mass	postcollapse_hard	in_cell_mass_fraction	0.9427551903796416	0.9415922587192835	-0.0011629316603580797	0.0011629316603580797
postcollapse_hard_space_ranger_only	vendor_only_feature_bin_mass	postcollapse_hard	in_nucleus_mass	1512966.0	1529327.0	16361.0	16361.0
postcollapse_hard_space_ranger_only	vendor_only_feature_bin_mass	postcollapse_hard	in_nucleus_mass_fraction	0.34091766371738846	0.34460429903905476	0.0036866353216662984	0.0036866353216662984
postcollapse_hard_space_ranger_only	vendor_only_feature_bin_mass	postcollapse_hard	extracellular_mass	254048.0	259209.0	5161.0	5161.0
postcollapse_hard_space_ranger_only	vendor_only_feature_bin_mass	postcollapse_hard	extracellular_mass_fraction	0.057244809620358356	0.05840774128071652	0.001162931660358163	0.001162931660358163
postcollapse_hard_space_ranger_only	vendor_only_feature_bin_mass	postcollapse_hard	in_cell_roc_auc	0.5982704995095192	0.5978130461680575	-0.0004574533414616333	0.0004574533414616333
postcollapse_hard_space_ranger_only	vendor_only_feature_bin_mass	postcollapse_hard	in_cell_average_precision	0.7880541579409884	0.7874683582510927	-0.0005857996898956941	0.0005857996898956941
postcollapse_hard_space_ranger_only	vendor_only_feature_bin_mass	postcollapse_hard	in_nucleus_roc_auc	0.5641101642460593	0.5654502723990594	0.001340108153000119	0.001340108153000119
postcollapse_hard_space_ranger_only	vendor_only_feature_bin_mass	postcollapse_hard	in_nucleus_average_precision	0.2465543342678645	0.2478343945480379	0.0012800602801734118	0.0012800602801734118
postcollapse_hard_space_ranger_only	vendor_only_feature_bin_mass	postcollapse_hard	cell_fraction_pearson_16um	0.39921250626485644	0.3981601758400899	-0.0010523304247665455	0.0010523304247665455
postcollapse_hard_space_ranger_only	vendor_only_feature_bin_mass	postcollapse_hard	nucleus_fraction_pearson_16um	0.5589376010183215	0.557294560232373	-0.0016430407859484575	0.0016430407859484575
postcollapse_hard_space_ranger_only	vendor_only_feature_bin_mass	postcollapse_hard	in_cell_normalized_tv	0.7484415830738047	0.7486097950204291	0.00016821194662441918	0.00016821194662441918
postcollapse_hard_space_ranger_only	vendor_only_feature_bin_mass	postcollapse_hard	in_nucleus_normalized_tv	0.777307742223957	0.7755621669576299	-0.0017455752663271262	0.0017455752663271262
postcollapse_hard_star_only	open_additional_feature_bin_mass	postcollapse_hard	in_cell_mass	7357770.0	7348712.0	-9058.0	9058.0
postcollapse_hard_star_only	open_additional_feature_bin_mass	postcollapse_hard	in_cell_mass_fraction	0.9429048040053818	0.9417440132067185	-0.0011607907986632693	0.0011607907986632693
postcollapse_hard_star_only	open_additional_feature_bin_mass	postcollapse_hard	in_nucleus_mass	2622861.0	2666611.0	43750.0	43750.0
postcollapse_hard_star_only	open_additional_feature_bin_mass	postcollapse_hard	in_nucleus_mass_fraction	0.33612198222265166	0.3417285838390702	0.005606601616418516	0.005606601616418516
postcollapse_hard_star_only	open_additional_feature_bin_mass	postcollapse_hard	extracellular_mass	445531.0	454589.0	9058.0	9058.0
postcollapse_hard_star_only	open_additional_feature_bin_mass	postcollapse_hard	extracellular_mass_fraction	0.057095195994618174	0.05825598679328146	0.0011607907986632832	0.0011607907986632832
postcollapse_hard_star_only	open_additional_feature_bin_mass	postcollapse_hard	in_cell_roc_auc	0.6751066722529733	0.6743455259029747	-0.000761146349998576	0.000761146349998576
postcollapse_hard_star_only	open_additional_feature_bin_mass	postcollapse_hard	in_cell_average_precision	0.8277900953826213	0.8270297732893478	-0.00076032209327348	0.00076032209327348
postcollapse_hard_star_only	open_additional_feature_bin_mass	postcollapse_hard	in_nucleus_roc_auc	0.6133142197471328	0.617201193623807	0.003886973876674138	0.003886973876674138
postcollapse_hard_star_only	open_additional_feature_bin_mass	postcollapse_hard	in_nucleus_average_precision	0.2752240835657933	0.27900855598902297	0.0037844724232296567	0.0037844724232296567
postcollapse_hard_star_only	open_additional_feature_bin_mass	postcollapse_hard	cell_fraction_pearson_16um	0.4304944459573574	0.4295397260306616	-0.000954719926695824	0.000954719926695824
postcollapse_hard_star_only	open_additional_feature_bin_mass	postcollapse_hard	nucleus_fraction_pearson_16um	0.6061293365460885	0.6047247394025312	-0.001404597143557229	0.001404597143557229
postcollapse_hard_star_only	open_additional_feature_bin_mass	postcollapse_hard	in_cell_normalized_tv	0.5564161614789143	0.5566703775888524	0.0002542161099381435	0.0002542161099381435
postcollapse_hard_star_only	open_additional_feature_bin_mass	postcollapse_hard	in_nucleus_normalized_tv	0.7137359624694178	0.7097031897220921	-0.004032772747325719	0.004032772747325719
postcollapse_soft	whole_open_policy	postcollapse_soft	in_cell_mass	72288219.17384265	72209071.33468062	-79147.83916203678	79147.83916203678
postcollapse_soft	whole_open_policy	postcollapse_soft	in_cell_mass_fraction	0.9490094856589177	0.9479704221573871	-0.0010390635015306016	0.0010390635015306016
postcollapse_soft	whole_open_policy	postcollapse_soft	in_nucleus_mass	25774672.54411219	26310076.135207027	535403.5910948366	535403.5910948366
postcollapse_soft	whole_open_policy	postcollapse_soft	in_nucleus_mass_fraction	0.3383733755467293	0.34540222606223214	0.007028850515502838	0.007028850515502838
postcollapse_soft	whole_open_policy	postcollapse_soft	extracellular_mass	3884063.8920650803	3963211.7312270547	79147.83916197438	79147.83916197438
postcollapse_soft	whole_open_policy	postcollapse_soft	extracellular_mass_fraction	0.05099051434108135	0.052029577842611065	0.0010390635015297134	0.0010390635015297134
postcollapse_soft	whole_open_policy	postcollapse_soft	in_cell_roc_auc	0.8615966041193218	0.8603988575050875	-0.0011977466142343296	0.0011977466142343296
postcollapse_soft	whole_open_policy	postcollapse_soft	in_cell_average_precision	0.9311952263282857	0.9301752343594478	-0.0010199919688378412	0.0010199919688378412
postcollapse_soft	whole_open_policy	postcollapse_soft	in_nucleus_roc_auc	0.7022408382744507	0.7090314947718214	0.006790656497370651	0.006790656497370651
postcollapse_soft	whole_open_policy	postcollapse_soft	in_nucleus_average_precision	0.34178654070823555	0.3506864637307271	0.00889992302249154	0.00889992302249154
postcollapse_soft	whole_open_policy	postcollapse_soft	cell_fraction_pearson_16um	0.44119947751768007	0.4403860133586275	-0.0008134641590525904	0.0008134641590525904
postcollapse_soft	whole_open_policy	postcollapse_soft	nucleus_fraction_pearson_16um	0.6270880442593745	0.6258567135784815	-0.0012313306808929836	0.0012313306808929836
postcollapse_soft	whole_open_policy	postcollapse_soft	in_cell_normalized_tv	0.4201944522976932	0.4205860425292217	0.0003915902315285158	0.0003915902315285158
postcollapse_soft	whole_open_policy	postcollapse_soft	in_nucleus_normalized_tv	0.6774845825613218	0.6715955106011148	-0.0058890719602070485	0.0058890719602070485
postcollapse_soft_shared_with_space_ranger	shared_feature_bin_mass	postcollapse_soft	in_cell_mass	63576323.51443666	63507551.82177495	-68771.69266171008	68771.69266171008
postcollapse_soft_shared_with_space_ranger	shared_feature_bin_mass	postcollapse_soft	in_cell_mass_fraction	0.9498785191533227	0.9488510178765251	-0.0010275012767975156	0.0010275012767975156
postcollapse_soft_shared_with_space_ranger	shared_feature_bin_mass	postcollapse_soft	in_nucleus_mass	22653149.462019246	23141210.864497505	488061.40247825906	488061.40247825906
postcollapse_soft_shared_with_space_ranger	shared_feature_bin_mass	postcollapse_soft	in_nucleus_mass_fraction	0.338455243645153	0.34574725137090123	0.0072920077257482285	0.0072920077257482285
postcollapse_soft_shared_with_space_ranger	shared_feature_bin_mass	postcollapse_soft	extracellular_mass	3354681.064028365	3423452.756690121	68771.69266175572	68771.69266175572
postcollapse_soft_shared_with_space_ranger	shared_feature_bin_mass	postcollapse_soft	extracellular_mass_fraction	0.05012148084667666	0.05114898212347481	0.001027501276798147	0.001027501276798147
postcollapse_soft_shared_with_space_ranger	shared_feature_bin_mass	postcollapse_soft	in_cell_roc_auc	0.8525162199243307	0.8513643990812674	-0.0011518208430633115	0.0011518208430633115
postcollapse_soft_shared_with_space_ranger	shared_feature_bin_mass	postcollapse_soft	in_cell_average_precision	0.9245432003918198	0.923554331796105	-0.000988868595714787	0.000988868595714787
postcollapse_soft_shared_with_space_ranger	shared_feature_bin_mass	postcollapse_soft	in_nucleus_roc_auc	0.6977928927473274	0.7047936613852601	0.007000768637932753	0.007000768637932753
postcollapse_soft_shared_with_space_ranger	shared_feature_bin_mass	postcollapse_soft	in_nucleus_average_precision	0.3372897426315528	0.346221493582694	0.008931750951141182	0.008931750951141182
postcollapse_soft_shared_with_space_ranger	shared_feature_bin_mass	postcollapse_soft	cell_fraction_pearson_16um	0.4398187214344156	0.4390218122224586	-0.0007969092119569643	0.0007969092119569643
postcollapse_soft_shared_with_space_ranger	shared_feature_bin_mass	postcollapse_soft	nucleus_fraction_pearson_16um	0.6257219715088789	0.6245150719628025	-0.0012068995460763343	0.0012068995460763343
postcollapse_soft_shared_with_space_ranger	shared_feature_bin_mass	postcollapse_soft	in_cell_normalized_tv	0.4276587061064198	0.42803807739432526	0.00037937128790543895	0.00037937128790543895
postcollapse_soft_shared_with_space_ranger	shared_feature_bin_mass	postcollapse_soft	in_nucleus_normalized_tv	0.6795565241538775	0.6735228539456528	-0.006033670208224651	0.006033670208224651
postcollapse_soft_space_ranger_only	vendor_only_feature_bin_mass	postcollapse_soft	in_cell_mass	5596795.485563277	5590705.178225032	-6090.307338245213	6090.307338245213
postcollapse_soft_space_ranger_only	vendor_only_feature_bin_mass	postcollapse_soft	in_cell_mass_fraction	0.943714815997462	0.9426878866976679	-0.0010269292997940882	0.0010269292997940882
postcollapse_soft_space_ranger_only	vendor_only_feature_bin_mass	postcollapse_soft	in_nucleus_mass	2029414.5379807341	2051072.135502501	21657.597521766787	21657.597521766787
postcollapse_soft_space_ranger_only	vendor_only_feature_bin_mass	postcollapse_soft	in_nucleus_mass_fraction	0.34219377360370223	0.3458456125377712	0.0036518389340689517	0.0036518389340689517
postcollapse_soft_space_ranger_only	vendor_only_feature_bin_mass	postcollapse_soft	extracellular_mass	333804.93597163656	339895.24330987874	6090.307338242186	6090.307338242186
postcollapse_soft_space_ranger_only	vendor_only_feature_bin_mass	postcollapse_soft	extracellular_mass_fraction	0.05628518400254059	0.05731211330233414	0.001026929299793554	0.001026929299793554
postcollapse_soft_space_ranger_only	vendor_only_feature_bin_mass	postcollapse_soft	in_cell_roc_auc	0.6903814890862092	0.6897363319733727	-0.0006451571128365252	0.0006451571128365252
postcollapse_soft_space_ranger_only	vendor_only_feature_bin_mass	postcollapse_soft	in_cell_average_precision	0.8370439751469985	0.8363353391999206	-0.0007086359470778181	0.0007086359470778181
postcollapse_soft_space_ranger_only	vendor_only_feature_bin_mass	postcollapse_soft	in_nucleus_roc_auc	0.6171070136602654	0.6196286449633768	0.002521631303111338	0.002521631303111338
postcollapse_soft_space_ranger_only	vendor_only_feature_bin_mass	postcollapse_soft	in_nucleus_average_precision	0.28176664465266354	0.28420421702994186	0.0024375723772783187	0.0024375723772783187
postcollapse_soft_space_ranger_only	vendor_only_feature_bin_mass	postcollapse_soft	cell_fraction_pearson_16um	0.42397967325008706	0.4229567385183056	-0.0010229347317814441	0.0010229347317814441
postcollapse_soft_space_ranger_only	vendor_only_feature_bin_mass	postcollapse_soft	nucleus_fraction_pearson_16um	0.5963460380568496	0.5946992170257475	-0.0016468210311021414	0.0016468210311021414
postcollapse_soft_space_ranger_only	vendor_only_feature_bin_mass	postcollapse_soft	in_cell_normalized_tv	0.6331242720392042	0.6333194303476682	0.00019515830846406068	0.00019515830846406068
postcollapse_soft_space_ranger_only	vendor_only_feature_bin_mass	postcollapse_soft	in_nucleus_normalized_tv	0.744342639715311	0.7423038173066335	-0.0020388224086774764	0.0020388224086774764
postcollapse_soft_star_only	open_additional_feature_bin_mass	postcollapse_soft	in_cell_mass	8711895.65940591	8701519.512905674	-10376.146500235423	10376.146500235423
postcollapse_soft_star_only	open_additional_feature_bin_mass	postcollapse_soft	in_cell_mass_fraction	0.9427154122932154	0.9415926080714473	-0.0011228042217681367	0.0011228042217681367
postcollapse_soft_star_only	open_additional_feature_bin_mass	postcollapse_soft	in_nucleus_mass	3121523.082092929	3168865.270709531	47342.18861660175	47342.18861660175
postcollapse_soft_star_only	open_additional_feature_bin_mass	postcollapse_soft	in_nucleus_mass_fraction	0.3377804365851067	0.3429033412439082	0.005122904658801497	0.005122904658801497
postcollapse_soft_star_only	open_additional_feature_bin_mass	postcollapse_soft	extracellular_mass	529382.828036715	539758.9745369353	10376.14650022029	10376.14650022029
postcollapse_soft_star_only	open_additional_feature_bin_mass	postcollapse_soft	extracellular_mass_fraction	0.057284587706783026	0.058407391928549504	0.0011228042217664783	0.0011228042217664783
postcollapse_soft_star_only	open_additional_feature_bin_mass	postcollapse_soft	in_cell_roc_auc	0.755878565329736	0.754908020674733	-0.0009705446550030139	0.0009705446550030139
postcollapse_soft_star_only	open_additional_feature_bin_mass	postcollapse_soft	in_cell_average_precision	0.8767856470378566	0.8758540742553466	-0.0009315727825099929	0.0009315727825099929
postcollapse_soft_star_only	open_additional_feature_bin_mass	postcollapse_soft	in_nucleus_roc_auc	0.6560775465167055	0.6600266605787468	0.003949114062041348	0.003949114062041348
postcollapse_soft_star_only	open_additional_feature_bin_mass	postcollapse_soft	in_nucleus_average_precision	0.31084812964786207	0.3159226182921996	0.005074488644337516	0.005074488644337516
postcollapse_soft_star_only	open_additional_feature_bin_mass	postcollapse_soft	cell_fraction_pearson_16um	0.4381825732130753	0.4372702671754568	-0.0009123060376184933	0.0009123060376184933
postcollapse_soft_star_only	open_additional_feature_bin_mass	postcollapse_soft	nucleus_fraction_pearson_16um	0.6183550978046861	0.6169788307440028	-0.0013762670606832783	0.0013762670606832783
postcollapse_soft_star_only	open_additional_feature_bin_mass	postcollapse_soft	in_cell_normalized_tv	0.5064892126978289	0.5068345143826191	0.0003453016847901891	0.0003453016847901891
postcollapse_soft_star_only	open_additional_feature_bin_mass	postcollapse_soft	in_nucleus_normalized_tv	0.695808044589393	0.6918229029177579	-0.003985141671635106	0.003985141671635106
space_ranger	vendor_compatibility_context	space_ranger	in_cell_mass	69173119.0	69098257.0	-74862.0	74862.0
space_ranger	vendor_compatibility_context	space_ranger	in_cell_mass_fraction	0.9493768219901277	0.948349367269634	-0.0010274547204937035	0.0010274547204937035
space_ranger	vendor_compatibility_context	space_ranger	in_nucleus_mass	24682564.0	25192283.0	509719.0	509719.0
space_ranger	vendor_compatibility_context	space_ranger	in_nucleus_mass_fraction	0.3387595428346658	0.345755257518689	0.006995714684023213	0.006995714684023213
space_ranger	vendor_compatibility_context	space_ranger	extracellular_mass	3688486.0	3763348.0	74862.0	74862.0
space_ranger	vendor_compatibility_context	space_ranger	extracellular_mass_fraction	0.050623178009872274	0.05165063273036601	0.0010274547204937381	0.0010274547204937381
space_ranger	vendor_compatibility_context	space_ranger	in_cell_roc_auc	0.8522465125313532	0.8510919743605229	-0.0011545381708303326	0.0011545381708303326
space_ranger	vendor_compatibility_context	space_ranger	in_cell_average_precision	0.9230426058107333	0.9220648522872686	-0.0009777535234646306	0.0009777535234646306
space_ranger	vendor_compatibility_context	space_ranger	in_nucleus_roc_auc	0.6980154918767634	0.7047639996018066	0.006748507725043207	0.006748507725043207
space_ranger	vendor_compatibility_context	space_ranger	in_nucleus_average_precision	0.335687870528342	0.3440785731994571	0.008390702671115136	0.008390702671115136
space_ranger	vendor_compatibility_context	space_ranger	cell_fraction_pearson_16um	0.4406006037977759	0.4397812511339145	-0.0008193526638614057	0.0008193526638614057
space_ranger	vendor_compatibility_context	space_ranger	nucleus_fraction_pearson_16um	0.6262695528507518	0.6250206057106532	-0.0012489471400985996	0.0012489471400985996
space_ranger	vendor_compatibility_context	space_ranger	in_cell_normalized_tv	0.42738421490229883	0.427755747505456	0.0003715326031571431	0.0003715326031571431
space_ranger	vendor_compatibility_context	space_ranger	in_nucleus_normalized_tv	0.679748510469769	0.6739663638770282	-0.005782146592740789	0.005782146592740789
strict	whole_open_policy	strict	in_cell_mass	61005757.0	60938878.0	-66879.0	66879.0
strict	whole_open_policy	strict	in_cell_mass_fraction	0.9497868902700324	0.9487456639897919	-0.0010412262802405037	0.0010412262802405037
strict	whole_open_policy	strict	in_nucleus_mass	21710053.0	22185637.0	475584.0	475584.0
strict	whole_open_policy	strict	in_nucleus_mass_fraction	0.337999637091096	0.34540391286169553	0.007404275770599544	0.007404275770599544
strict	whole_open_policy	strict	extracellular_mass	3225238.0	3292117.0	66879.0	66879.0
strict	whole_open_policy	strict	extracellular_mass_fraction	0.0502131097299676	0.05125433601020816	0.0010412262802405592	0.0010412262802405592
strict	whole_open_policy	strict	in_cell_roc_auc	0.8485498804932896	0.8473887513952524	-0.001161129098037228	0.001161129098037228
strict	whole_open_policy	strict	in_cell_average_precision	0.921001833422678	0.9200151499739005	-0.0009866834487775034	0.0009866834487775034
strict	whole_open_policy	strict	in_nucleus_roc_auc	0.6962939920319857	0.7035254254228541	0.0072314333908684025	0.0072314333908684025
strict	whole_open_policy	strict	in_nucleus_average_precision	0.3339319722151692	0.3428004907765248	0.00886851856135562	0.00886851856135562
strict	whole_open_policy	strict	cell_fraction_pearson_16um	0.44046864744323	0.4396613641743877	-0.0008072832688422737	0.0008072832688422737
strict	whole_open_policy	strict	nucleus_fraction_pearson_16um	0.626542538308011	0.6253224471593899	-0.0012200911486210941	0.0012200911486210941
strict	whole_open_policy	strict	in_cell_normalized_tv	0.42716621648443154	0.42753996979065506	0.0003737533062235232	0.0003737533062235232
strict	whole_open_policy	strict	in_nucleus_normalized_tv	0.6791555700243508	0.6729840839529669	-0.006171486071383847	0.006171486071383847
strict_shared_with_space_ranger	shared_feature_bin_mass	strict	in_cell_mass	58442441.0	58378448.0	-63993.0	63993.0
strict_shared_with_space_ranger	shared_feature_bin_mass	strict	in_cell_mass_fraction	0.9501149828467839	0.9490746308858294	-0.001040351960954422	0.001040351960954422
strict_shared_with_space_ranger	shared_feature_bin_mass	strict	in_nucleus_mass	20801724.0	21260312.0	458588.0	458588.0
strict_shared_with_space_ranger	shared_feature_bin_mass	strict	in_nucleus_mass_fraction	0.3381794001630345	0.3456347925507984	0.007455392387763882	0.007455392387763882
strict_shared_with_space_ranger	shared_feature_bin_mass	strict	extracellular_mass	3068473.0	3132466.0	63993.0	63993.0
strict_shared_with_space_ranger	shared_feature_bin_mass	strict	extracellular_mass_fraction	0.049885017153216096	0.05092536911417053	0.001040351960954436	0.001040351960954436
strict_shared_with_space_ranger	shared_feature_bin_mass	strict	in_cell_roc_auc	0.8468701448658087	0.8457200890692258	-0.001150055796582894	0.001150055796582894
strict_shared_with_space_ranger	shared_feature_bin_mass	strict	in_cell_average_precision	0.9199639480654719	0.918982596799886	-0.0009813512655858503	0.0009813512655858503
strict_shared_with_space_ranger	shared_feature_bin_mass	strict	in_nucleus_roc_auc	0.6955792619535903	0.7028306496167356	0.007251387663145259	0.007251387663145259
strict_shared_with_space_ranger	shared_feature_bin_mass	strict	in_nucleus_average_precision	0.333284401585494	0.3421539497135407	0.00886954812804669	0.00886954812804669
strict_shared_with_space_ranger	shared_feature_bin_mass	strict	cell_fraction_pearson_16um	0.4401152196684511	0.4393154369213922	-0.0007997827470588859	0.0007997827470588859
strict_shared_with_space_ranger	shared_feature_bin_mass	strict	nucleus_fraction_pearson_16um	0.6261680119179772	0.6249587180698698	-0.0012092938481074178	0.0012092938481074178
strict_shared_with_space_ranger	shared_feature_bin_mass	strict	in_cell_normalized_tv	0.4289066068893746	0.429283288432901	0.0003766815435263804	0.0003766815435263804
strict_shared_with_space_ranger	shared_feature_bin_mass	strict	in_nucleus_normalized_tv	0.6793270756130433	0.6731322759935068	-0.006194799619536506	0.006194799619536506
strict_space_ranger_only	vendor_only_feature_bin_mass	strict	in_cell_mass	10730678.0	10719809.0	-10869.0	10869.0
strict_space_ranger_only	vendor_only_feature_bin_mass	strict	in_cell_mass_fraction	0.9453766294933057	0.9444190666453699	-0.0009575628479358	0.0009575628479358
strict_space_ranger_only	vendor_only_feature_bin_mass	strict	in_nucleus_mass	3880840.0	3931971.0	51131.0	51131.0
strict_space_ranger_only	vendor_only_feature_bin_mass	strict	in_nucleus_mass_fraction	0.34190341363358406	0.34640807330584544	0.00450465967226138	0.00450465967226138
strict_space_ranger_only	vendor_only_feature_bin_mass	strict	extracellular_mass	620013.0	630882.0	10869.0	10869.0
strict_space_ranger_only	vendor_only_feature_bin_mass	strict	extracellular_mass_fraction	0.05462337050669426	0.05558093335463013	0.0009575628479358694	0.0009575628479358694
strict_space_ranger_only	vendor_only_feature_bin_mass	strict	in_cell_roc_auc	0.6929783825452656	0.6923247490310066	-0.0006536335142589556	0.0006536335142589556
strict_space_ranger_only	vendor_only_feature_bin_mass	strict	in_cell_average_precision	0.8377926293135924	0.837113703686833	-0.000678925626759419	0.000678925626759419
strict_space_ranger_only	vendor_only_feature_bin_mass	strict	in_nucleus_roc_auc	0.6211533213964586	0.624102160664294	0.0029488392678354014	0.0029488392678354014
strict_space_ranger_only	vendor_only_feature_bin_mass	strict	in_nucleus_average_precision	0.28325287426116097	0.28639744674872725	0.0031445724875662773	0.0031445724875662773
strict_space_ranger_only	vendor_only_feature_bin_mass	strict	cell_fraction_pearson_16um	0.43536369243330253	0.43445200393542455	-0.0009116884978779827	0.0009116884978779827
strict_space_ranger_only	vendor_only_feature_bin_mass	strict	nucleus_fraction_pearson_16um	0.6156084679318072	0.614165061017541	-0.0014434069142662542	0.0014434069142662542
strict_space_ranger_only	vendor_only_feature_bin_mass	strict	in_cell_normalized_tv	0.5682458123814378	0.5684940148554333	0.0002482024739954847	0.0002482024739954847
strict_space_ranger_only	vendor_only_feature_bin_mass	strict	in_nucleus_normalized_tv	0.7168734743159573	0.7138590966249042	-0.0030143776910530606	0.0030143776910530606
strict_star_only	open_additional_feature_bin_mass	strict	in_cell_mass	2563316.0	2560430.0	-2886.0	2886.0
strict_star_only	open_additional_feature_bin_mass	strict	in_cell_mass_fraction	0.942367525084731	0.9413065272688571	-0.0010609978158738764	0.0010609978158738764
strict_star_only	open_additional_feature_bin_mass	strict	in_nucleus_mass	908329.0	925325.0	16996.0	16996.0
strict_star_only	open_additional_feature_bin_mass	strict	in_nucleus_mass_fraction	0.33393454091992114	0.34018288425969667	0.006248343339775531	0.006248343339775531
strict_star_only	open_additional_feature_bin_mass	strict	extracellular_mass	156765.0	159651.0	2886.0	2886.0
strict_star_only	open_additional_feature_bin_mass	strict	extracellular_mass_fraction	0.057632474915269065	0.058693472731142934	0.0010609978158738695	0.0010609978158738695
strict_star_only	open_additional_feature_bin_mass	strict	in_cell_roc_auc	0.5867369509819974	0.5863657769186064	-0.0003711740633910443	0.0003711740633910443
strict_star_only	open_additional_feature_bin_mass	strict	in_cell_average_precision	0.7812607770929706	0.7807275741819846	-0.0005332029109860192	0.0005332029109860192
strict_star_only	open_additional_feature_bin_mass	strict	in_nucleus_roc_auc	0.558609052120266	0.5611459212771599	0.002536869156893884	0.002536869156893884
strict_star_only	open_additional_feature_bin_mass	strict	in_nucleus_average_precision	0.2406781945374871	0.24279713514549267	0.002118940608005576	0.002118940608005576
strict_star_only	open_additional_feature_bin_mass	strict	cell_fraction_pearson_16um	0.41814593307468667	0.4172270021230109	-0.0009189309516757782	0.0009189309516757782
strict_star_only	open_additional_feature_bin_mass	strict	nucleus_fraction_pearson_16um	0.5919355166902798	0.5905586779869288	-0.0013768387033509244	0.0013768387033509244
strict_star_only	open_additional_feature_bin_mass	strict	in_cell_normalized_tv	0.7840048102489066	0.7841370473193968	0.0001322370704902598	0.0001322370704902598
strict_star_only	open_additional_feature_bin_mass	strict	in_nucleus_normalized_tv	0.7644400119922745	0.7609348462548425	-0.003505165737431981	0.003505165737431981
